<?xml version="1.0" encoding="UTF-8"?>
<sbml xmlns="http://www.sbml.org/sbml/level2/version4" xmlns:celldesigner="http://www.sbml.org/2001/ns/celldesigner" level="2" version="4">
<model metaid="untitled" id="ErbB2">
<annotation>
<celldesigner:extension>
<celldesigner:modelVersion>4.0</celldesigner:modelVersion>
<celldesigner:modelDisplay sizeX="1100" sizeY="600"/>
<celldesigner:listOfIncludedSpecies>
<celldesigner:species id="s9" name="Grb2">
<celldesigner:notes>
<html xmlns="http://www.w3.org/1999/xhtml">
<body/>
</html>
</celldesigner:notes>
<celldesigner:annotation>
<celldesigner:complexSpecies>s7</celldesigner:complexSpecies>
<celldesigner:speciesIdentity>
<celldesigner:class>PROTEIN</celldesigner:class>
<celldesigner:proteinReference>pr2</celldesigner:proteinReference>
</celldesigner:speciesIdentity>
</celldesigner:annotation>
</celldesigner:species>
<celldesigner:species id="s14" name="Shc">
<celldesigner:notes>
<html xmlns="http://www.w3.org/1999/xhtml">
<body/>
</html>
</celldesigner:notes>
<celldesigner:annotation>
<celldesigner:complexSpecies>s15</celldesigner:complexSpecies>
<celldesigner:speciesIdentity>
<celldesigner:class>PROTEIN</celldesigner:class>
<celldesigner:proteinReference>pr3</celldesigner:proteinReference>
<celldesigner:state>
<celldesigner:listOfModifications>
<celldesigner:modification residue="rs1" state="phosphorylated"/>
</celldesigner:listOfModifications>
</celldesigner:state>
</celldesigner:speciesIdentity>
</celldesigner:annotation>
</celldesigner:species>
<celldesigner:species id="s20" name="Chk">
<celldesigner:notes>
<html xmlns="http://www.w3.org/1999/xhtml">
<body/>
</html>
</celldesigner:notes>
<celldesigner:annotation>
<celldesigner:complexSpecies>s21</celldesigner:complexSpecies>
<celldesigner:speciesIdentity>
<celldesigner:class>PROTEIN</celldesigner:class>
<celldesigner:proteinReference>pr4</celldesigner:proteinReference>
<celldesigner:state>
<celldesigner:listOfStructuralStates>
<celldesigner:structuralState structuralState="active"/>
</celldesigner:listOfStructuralStates>
</celldesigner:state>
</celldesigner:speciesIdentity>
</celldesigner:annotation>
</celldesigner:species>
<celldesigner:species id="s23" name="Grb2">
<celldesigner:notes>
<html xmlns="http://www.w3.org/1999/xhtml">
<body/>
</html>
</celldesigner:notes>
<celldesigner:annotation>
<celldesigner:complexSpecies>s22</celldesigner:complexSpecies>
<celldesigner:speciesIdentity>
<celldesigner:class>PROTEIN</celldesigner:class>
<celldesigner:proteinReference>pr2</celldesigner:proteinReference>
</celldesigner:speciesIdentity>
</celldesigner:annotation>
</celldesigner:species>
<celldesigner:species id="s25" name="Shc">
<celldesigner:notes>
<html xmlns="http://www.w3.org/1999/xhtml">
<body/>
</html>
</celldesigner:notes>
<celldesigner:annotation>
<celldesigner:complexSpecies>s22</celldesigner:complexSpecies>
<celldesigner:speciesIdentity>
<celldesigner:class>PROTEIN</celldesigner:class>
<celldesigner:proteinReference>pr3</celldesigner:proteinReference>
<celldesigner:state>
<celldesigner:listOfModifications>
<celldesigner:modification residue="rs1" state="phosphorylated"/>
</celldesigner:listOfModifications>
</celldesigner:state>
</celldesigner:speciesIdentity>
</celldesigner:annotation>
</celldesigner:species>
<celldesigner:species id="s26" name="Chk">
<celldesigner:notes>
<html xmlns="http://www.w3.org/1999/xhtml">
<body/>
</html>
</celldesigner:notes>
<celldesigner:annotation>
<celldesigner:complexSpecies>s22</celldesigner:complexSpecies>
<celldesigner:speciesIdentity>
<celldesigner:class>PROTEIN</celldesigner:class>
<celldesigner:proteinReference>pr4</celldesigner:proteinReference>
<celldesigner:state>
<celldesigner:listOfStructuralStates>
<celldesigner:structuralState structuralState="active"/>
</celldesigner:listOfStructuralStates>
</celldesigner:state>
</celldesigner:speciesIdentity>
</celldesigner:annotation>
</celldesigner:species>
<celldesigner:species id="s8" name="ErbB2">
<celldesigner:notes>
<html xmlns="http://www.w3.org/1999/xhtml">
<body/>
</html>
</celldesigner:notes>
<celldesigner:annotation>
<celldesigner:complexSpecies>s7</celldesigner:complexSpecies>
<celldesigner:speciesIdentity>
<celldesigner:class>PROTEIN</celldesigner:class>
<celldesigner:proteinReference>pr1</celldesigner:proteinReference>
<celldesigner:state>
<celldesigner:homodimer>2</celldesigner:homodimer>
<celldesigner:listOfModifications>
<celldesigner:modification residue="rs2" state="phosphorylated"/>
</celldesigner:listOfModifications>
<celldesigner:listOfStructuralStates>
<celldesigner:structuralState structuralState="active"/>
</celldesigner:listOfStructuralStates>
</celldesigner:state>
</celldesigner:speciesIdentity>
</celldesigner:annotation>
</celldesigner:species>
<celldesigner:species id="s13" name="ErbB2">
<celldesigner:notes>
<html xmlns="http://www.w3.org/1999/xhtml">
<body/>
</html>
</celldesigner:notes>
<celldesigner:annotation>
<celldesigner:complexSpecies>s15</celldesigner:complexSpecies>
<celldesigner:speciesIdentity>
<celldesigner:class>PROTEIN</celldesigner:class>
<celldesigner:proteinReference>pr1</celldesigner:proteinReference>
<celldesigner:state>
<celldesigner:homodimer>2</celldesigner:homodimer>
<celldesigner:listOfModifications>
<celldesigner:modification residue="rs3" state="phosphorylated"/>
<celldesigner:modification residue="rs4" state="phosphorylated"/>
<celldesigner:modification residue="rs5" state="phosphorylated"/>
</celldesigner:listOfModifications>
<celldesigner:listOfStructuralStates>
<celldesigner:structuralState structuralState="active"/>
</celldesigner:listOfStructuralStates>
</celldesigner:state>
</celldesigner:speciesIdentity>
</celldesigner:annotation>
</celldesigner:species>
<celldesigner:species id="s27" name="ErbB2">
<celldesigner:notes>
<html xmlns="http://www.w3.org/1999/xhtml">
<body/>
</html>
</celldesigner:notes>
<celldesigner:annotation>
<celldesigner:complexSpecies>s21</celldesigner:complexSpecies>
<celldesigner:speciesIdentity>
<celldesigner:class>PROTEIN</celldesigner:class>
<celldesigner:proteinReference>pr1</celldesigner:proteinReference>
<celldesigner:state>
<celldesigner:homodimer>2</celldesigner:homodimer>
<celldesigner:listOfModifications>
<celldesigner:modification residue="rs3" state="phosphorylated"/>
</celldesigner:listOfModifications>
<celldesigner:listOfStructuralStates>
<celldesigner:structuralState structuralState="active"/>
</celldesigner:listOfStructuralStates>
</celldesigner:state>
</celldesigner:speciesIdentity>
</celldesigner:annotation>
</celldesigner:species>
<celldesigner:species id="s10" name="ErbB2">
<celldesigner:notes>
<html xmlns="http://www.w3.org/1999/xhtml">
<body/>
</html>
</celldesigner:notes>
<celldesigner:annotation>
<celldesigner:complexSpecies>s22</celldesigner:complexSpecies>
<celldesigner:speciesIdentity>
<celldesigner:class>PROTEIN</celldesigner:class>
<celldesigner:proteinReference>pr1</celldesigner:proteinReference>
<celldesigner:state>
<celldesigner:homodimer>2</celldesigner:homodimer>
<celldesigner:listOfModifications>
<celldesigner:modification residue="rs2" state="phosphorylated"/>
<celldesigner:modification residue="rs3" state="phosphorylated"/>
<celldesigner:modification residue="rs4" state="phosphorylated"/>
<celldesigner:modification residue="rs5" state="phosphorylated"/>
</celldesigner:listOfModifications>
<celldesigner:listOfStructuralStates>
<celldesigner:structuralState structuralState="active"/>
</celldesigner:listOfStructuralStates>
</celldesigner:state>
</celldesigner:speciesIdentity>
</celldesigner:annotation>
</celldesigner:species>
</celldesigner:listOfIncludedSpecies>
<celldesigner:listOfCompartmentAliases/>
<celldesigner:listOfComplexSpeciesAliases>
<celldesigner:complexSpeciesAlias id="csa1" species="s7">
<celldesigner:activity>inactive</celldesigner:activity>
<celldesigner:bounds x="470.0" y="11.0" w="203.0" h="176.0"/>
<celldesigner:font size="12"/>
<celldesigner:view state="usual"/>
<celldesigner:backupSize w="0.0" h="0.0"/>
<celldesigner:backupView state="none"/>
<celldesigner:usualView>
<celldesigner:innerPosition x="0.0" y="0.0"/>
<celldesigner:boxSize width="203.0" height="176.0"/>
<celldesigner:singleLine width="2.0"/>
<celldesigner:paint color="fff7f7f7" scheme="Color"/>
</celldesigner:usualView>
<celldesigner:briefView>
<celldesigner:innerPosition x="0.0" y="0.0"/>
<celldesigner:boxSize width="80.0" height="60.0"/>
<celldesigner:singleLine width="2.0"/>
<celldesigner:paint color="fff7f7f7" scheme="Color"/>
</celldesigner:briefView>
<celldesigner:info state="empty" angle="-1.5707963267948966"/>
</celldesigner:complexSpeciesAlias>
<celldesigner:complexSpeciesAlias id="csa2" species="s15">
<celldesigner:activity>inactive</celldesigner:activity>
<celldesigner:bounds x="472.25" y="206.75" w="204.0" h="186.0"/>
<celldesigner:font size="12"/>
<celldesigner:view state="usual"/>
<celldesigner:backupSize w="0.0" h="0.0"/>
<celldesigner:backupView state="none"/>
<celldesigner:usualView>
<celldesigner:innerPosition x="0.0" y="0.0"/>
<celldesigner:boxSize width="204.0" height="186.0"/>
<celldesigner:singleLine width="2.0"/>
<celldesigner:paint color="fff7f7f7" scheme="Color"/>
</celldesigner:usualView>
<celldesigner:briefView>
<celldesigner:innerPosition x="0.0" y="0.0"/>
<celldesigner:boxSize width="80.0" height="60.0"/>
<celldesigner:singleLine width="2.0"/>
<celldesigner:paint color="fff7f7f7" scheme="Color"/>
</celldesigner:briefView>
<celldesigner:info state="empty" angle="-1.5707963267948966"/>
</celldesigner:complexSpeciesAlias>
<celldesigner:complexSpeciesAlias id="csa3" species="s21">
<celldesigner:activity>inactive</celldesigner:activity>
<celldesigner:bounds x="470.625" y="410.625" w="205.0" h="173.0"/>
<celldesigner:font size="12"/>
<celldesigner:view state="usual"/>
<celldesigner:backupSize w="0.0" h="0.0"/>
<celldesigner:backupView state="none"/>
<celldesigner:usualView>
<celldesigner:innerPosition x="0.0" y="0.0"/>
<celldesigner:boxSize width="205.0" height="173.0"/>
<celldesigner:singleLine width="2.0"/>
<celldesigner:paint color="fff7f7f7" scheme="Color"/>
</celldesigner:usualView>
<celldesigner:briefView>
<celldesigner:innerPosition x="0.0" y="0.0"/>
<celldesigner:boxSize width="80.0" height="60.0"/>
<celldesigner:singleLine width="2.0"/>
<celldesigner:paint color="fff7f7f7" scheme="Color"/>
</celldesigner:briefView>
<celldesigner:info state="empty" angle="-1.5707963267948966"/>
</celldesigner:complexSpeciesAlias>
<celldesigner:complexSpeciesAlias id="csa4" species="s22">
<celldesigner:activity>inactive</celldesigner:activity>
<celldesigner:bounds x="819.0" y="198.0" w="264.0" h="206.0"/>
<celldesigner:font size="12"/>
<celldesigner:view state="usual"/>
<celldesigner:backupSize w="0.0" h="0.0"/>
<celldesigner:backupView state="none"/>
<celldesigner:usualView>
<celldesigner:innerPosition x="0.0" y="0.0"/>
<celldesigner:boxSize width="264.0" height="206.0"/>
<celldesigner:singleLine width="2.0"/>
<celldesigner:paint color="fff7f7f7" scheme="Color"/>
</celldesigner:usualView>
<celldesigner:briefView>
<celldesigner:innerPosition x="0.0" y="0.0"/>
<celldesigner:boxSize width="80.0" height="60.0"/>
<celldesigner:singleLine width="2.0"/>
<celldesigner:paint color="fff7f7f7" scheme="Color"/>
</celldesigner:briefView>
<celldesigner:info state="empty" angle="-1.5707963267948966"/>
</celldesigner:complexSpeciesAlias>
</celldesigner:listOfComplexSpeciesAliases>
<celldesigner:listOfSpeciesAliases>
<celldesigner:speciesAlias id="sa1" species="s1">
<celldesigner:activity>inactive</celldesigner:activity>
<celldesigner:bounds x="22.0" y="232.0" w="96.0" h="131.0"/>
<celldesigner:font size="14"/>
<celldesigner:view state="usual"/>
<celldesigner:usualView>
<celldesigner:innerPosition x="0.0" y="0.0"/>
<celldesigner:boxSize width="96.0" height="131.0"/>
<celldesigner:singleLine width="1.0"/>
<celldesigner:paint color="ffffffcc" scheme="Color"/>
</celldesigner:usualView>
<celldesigner:briefView>
<celldesigner:innerPosition x="0.0" y="0.0"/>
<celldesigner:boxSize width="80.0" height="60.0"/>
<celldesigner:singleLine width="1.0"/>
<celldesigner:paint color="3fff0000" scheme="Color"/>
</celldesigner:briefView>
<celldesigner:info state="empty" angle="-1.5707963267948966"/>
</celldesigner:speciesAlias>
<celldesigner:speciesAlias id="sa2" species="s2">
<celldesigner:activity>inactive</celldesigner:activity>
<celldesigner:bounds x="214.0" y="236.0" w="96.0" h="131.0"/>
<celldesigner:font size="14"/>
<celldesigner:view state="usual"/>
<celldesigner:structuralState angle="4.6774823953448035"/>
<celldesigner:usualView>
<celldesigner:innerPosition x="0.0" y="0.0"/>
<celldesigner:boxSize width="96.0" height="131.0"/>
<celldesigner:singleLine width="1.0"/>
<celldesigner:paint color="ffffffcc" scheme="Color"/>
</celldesigner:usualView>
<celldesigner:briefView>
<celldesigner:innerPosition x="0.0" y="0.0"/>
<celldesigner:boxSize width="80.0" height="60.0"/>
<celldesigner:singleLine width="1.0"/>
<celldesigner:paint color="3fff0000" scheme="Color"/>
</celldesigner:briefView>
<celldesigner:info state="empty" angle="-1.5707963267948966"/>
</celldesigner:speciesAlias>
<celldesigner:speciesAlias id="sa3" species="s9" complexSpeciesAlias="csa1">
<celldesigner:activity>inactive</celldesigner:activity>
<celldesigner:bounds x="476.0" y="129.0" w="80.0" h="40.0"/>
<celldesigner:font size="12"/>
<celldesigner:view state="usual"/>
<celldesigner:usualView>
<celldesigner:innerPosition x="6.0" y="118.0"/>
<celldesigner:boxSize width="80.0" height="40.0"/>
<celldesigner:singleLine width="1.0"/>
<celldesigner:paint color="ffccffcc" scheme="Color"/>
</celldesigner:usualView>
<celldesigner:briefView>
<celldesigner:innerPosition x="0.0" y="0.0"/>
<celldesigner:boxSize width="80.0" height="60.0"/>
<celldesigner:singleLine width="1.0"/>
<celldesigner:paint color="3fff0000" scheme="Color"/>
</celldesigner:briefView>
<celldesigner:info state="empty" angle="-1.5707963267948966"/>
</celldesigner:speciesAlias>
<celldesigner:speciesAlias id="sa4" species="s4">
<celldesigner:activity>inactive</celldesigner:activity>
<celldesigner:bounds x="327.5" y="335.0" w="80.0" h="40.0"/>
<celldesigner:font size="12"/>
<celldesigner:view state="usual"/>
<celldesigner:usualView>
<celldesigner:innerPosition x="0.0" y="0.0"/>
<celldesigner:boxSize width="80.0" height="40.0"/>
<celldesigner:singleLine width="1.0"/>
<celldesigner:paint color="ffccffcc" scheme="Color"/>
</celldesigner:usualView>
<celldesigner:briefView>
<celldesigner:innerPosition x="0.0" y="0.0"/>
<celldesigner:boxSize width="80.0" height="60.0"/>
<celldesigner:singleLine width="1.0"/>
<celldesigner:paint color="3fff0000" scheme="Color"/>
</celldesigner:briefView>
<celldesigner:info state="empty" angle="-1.5707963267948966"/>
</celldesigner:speciesAlias>
<celldesigner:speciesAlias id="sa5" species="s5">
<celldesigner:activity>inactive</celldesigner:activity>
<celldesigner:bounds x="327.5" y="528.0" w="80.0" h="40.0"/>
<celldesigner:font size="12"/>
<celldesigner:view state="usual"/>
<celldesigner:usualView>
<celldesigner:innerPosition x="0.0" y="0.0"/>
<celldesigner:boxSize width="80.0" height="40.0"/>
<celldesigner:singleLine width="1.0"/>
<celldesigner:paint color="ffccffcc" scheme="Color"/>
</celldesigner:usualView>
<celldesigner:briefView>
<celldesigner:innerPosition x="0.0" y="0.0"/>
<celldesigner:boxSize width="80.0" height="60.0"/>
<celldesigner:singleLine width="1.0"/>
<celldesigner:paint color="3fff0000" scheme="Color"/>
</celldesigner:briefView>
<celldesigner:info state="empty" angle="-1.5707963267948966"/>
</celldesigner:speciesAlias>
<celldesigner:speciesAlias id="sa6" species="s6">
<celldesigner:activity>inactive</celldesigner:activity>
<celldesigner:bounds x="215.0" y="37.0" w="86.0" h="131.0"/>
<celldesigner:font size="14"/>
<celldesigner:view state="usual"/>
<celldesigner:structuralState angle="4.6774823953448035"/>
<celldesigner:usualView>
<celldesigner:innerPosition x="0.0" y="0.0"/>
<celldesigner:boxSize width="86.0" height="131.0"/>
<celldesigner:singleLine width="1.0"/>
<celldesigner:paint color="ffffffcc" scheme="Color"/>
</celldesigner:usualView>
<celldesigner:briefView>
<celldesigner:innerPosition x="0.0" y="0.0"/>
<celldesigner:boxSize width="80.0" height="60.0"/>
<celldesigner:singleLine width="1.0"/>
<celldesigner:paint color="3fff0000" scheme="Color"/>
</celldesigner:briefView>
<celldesigner:info state="empty" angle="-1.5707963267948966"/>
</celldesigner:speciesAlias>
<celldesigner:speciesAlias id="sa7" species="s8" complexSpeciesAlias="csa1">
<celldesigner:activity>inactive</celldesigner:activity>
<celldesigner:bounds x="566.75" y="19.5" w="96.0" h="131.0"/>
<celldesigner:font size="14"/>
<celldesigner:view state="usual"/>
<celldesigner:structuralState angle="4.6774823953448035"/>
<celldesigner:usualView>
<celldesigner:innerPosition x="96.75" y="8.5"/>
<celldesigner:boxSize width="96.0" height="131.0"/>
<celldesigner:singleLine width="1.0"/>
<celldesigner:paint color="ffffffcc" scheme="Color"/>
</celldesigner:usualView>
<celldesigner:briefView>
<celldesigner:innerPosition x="0.0" y="0.0"/>
<celldesigner:boxSize width="80.0" height="60.0"/>
<celldesigner:singleLine width="1.0"/>
<celldesigner:paint color="3fff0000" scheme="Color"/>
</celldesigner:briefView>
<celldesigner:info state="empty" angle="-1.5707963267948966"/>
</celldesigner:speciesAlias>
<celldesigner:speciesAlias id="sa8" species="s3">
<celldesigner:activity>inactive</celldesigner:activity>
<celldesigner:bounds x="327.5" y="154.5" w="80.0" h="40.0"/>
<celldesigner:font size="12"/>
<celldesigner:view state="usual"/>
<celldesigner:usualView>
<celldesigner:innerPosition x="0.0" y="0.0"/>
<celldesigner:boxSize width="80.0" height="40.0"/>
<celldesigner:singleLine width="1.0"/>
<celldesigner:paint color="ffccffcc" scheme="Color"/>
</celldesigner:usualView>
<celldesigner:briefView>
<celldesigner:innerPosition x="0.0" y="0.0"/>
<celldesigner:boxSize width="80.0" height="60.0"/>
<celldesigner:singleLine width="1.0"/>
<celldesigner:paint color="3fff0000" scheme="Color"/>
</celldesigner:briefView>
<celldesigner:info state="empty" angle="-1.5707963267948966"/>
</celldesigner:speciesAlias>
<celldesigner:speciesAlias id="sa9" species="s10" complexSpeciesAlias="csa4">
<celldesigner:activity>inactive</celldesigner:activity>
<celldesigner:bounds x="887.25" y="206.75" w="96.0" h="131.0"/>
<celldesigner:font size="14"/>
<celldesigner:view state="usual"/>
<celldesigner:structuralState angle="4.6774823953448035"/>
<celldesigner:usualView>
<celldesigner:innerPosition x="68.25" y="8.75"/>
<celldesigner:boxSize width="96.0" height="131.0"/>
<celldesigner:singleLine width="1.0"/>
<celldesigner:paint color="ffffffcc" scheme="Color"/>
</celldesigner:usualView>
<celldesigner:briefView>
<celldesigner:innerPosition x="0.0" y="0.0"/>
<celldesigner:boxSize width="80.0" height="60.0"/>
<celldesigner:singleLine width="1.0"/>
<celldesigner:paint color="3fff0000" scheme="Color"/>
</celldesigner:briefView>
<celldesigner:info state="empty" angle="-1.5707963267948966"/>
</celldesigner:speciesAlias>
<celldesigner:speciesAlias id="sa13" species="s13" complexSpeciesAlias="csa2">
<celldesigner:activity>inactive</celldesigner:activity>
<celldesigner:bounds x="485.0" y="215.0" w="96.0" h="131.0"/>
<celldesigner:font size="12"/>
<celldesigner:view state="usual"/>
<celldesigner:structuralState angle="4.6774823953448035"/>
<celldesigner:usualView>
<celldesigner:innerPosition x="12.75" y="8.25"/>
<celldesigner:boxSize width="96.0" height="131.0"/>
<celldesigner:singleLine width="1.0"/>
<celldesigner:paint color="ffffffcc" scheme="Color"/>
</celldesigner:usualView>
<celldesigner:briefView>
<celldesigner:innerPosition x="0.0" y="0.0"/>
<celldesigner:boxSize width="80.0" height="60.0"/>
<celldesigner:singleLine width="1.0"/>
<celldesigner:paint color="3fff0000" scheme="Color"/>
</celldesigner:briefView>
<celldesigner:info state="empty" angle="-1.5707963267948966"/>
</celldesigner:speciesAlias>
<celldesigner:speciesAlias id="sa14" species="s14" complexSpeciesAlias="csa2">
<celldesigner:activity>inactive</celldesigner:activity>
<celldesigner:bounds x="589.25" y="336.0" w="80.0" h="40.0"/>
<celldesigner:font size="12"/>
<celldesigner:view state="usual"/>
<celldesigner:usualView>
<celldesigner:innerPosition x="117.0" y="129.25"/>
<celldesigner:boxSize width="80.0" height="40.0"/>
<celldesigner:singleLine width="1.0"/>
<celldesigner:paint color="ffccffcc" scheme="Color"/>
</celldesigner:usualView>
<celldesigner:briefView>
<celldesigner:innerPosition x="0.0" y="0.0"/>
<celldesigner:boxSize width="80.0" height="60.0"/>
<celldesigner:singleLine width="1.0"/>
<celldesigner:paint color="3fff0000" scheme="Color"/>
</celldesigner:briefView>
<celldesigner:info state="empty" angle="-1.5707963267948966"/>
</celldesigner:speciesAlias>
<celldesigner:speciesAlias id="sa16" species="s16">
<celldesigner:activity>inactive</celldesigner:activity>
<celldesigner:bounds x="214.375" y="433.875" w="96.0" h="131.0"/>
<celldesigner:font size="14"/>
<celldesigner:view state="usual"/>
<celldesigner:structuralState angle="4.6774823953448035"/>
<celldesigner:usualView>
<celldesigner:innerPosition x="0.0" y="0.0"/>
<celldesigner:boxSize width="96.0" height="131.0"/>
<celldesigner:singleLine width="1.0"/>
<celldesigner:paint color="ffffffcc" scheme="Color"/>
</celldesigner:usualView>
<celldesigner:briefView>
<celldesigner:innerPosition x="0.0" y="0.0"/>
<celldesigner:boxSize width="80.0" height="60.0"/>
<celldesigner:singleLine width="1.0"/>
<celldesigner:paint color="3fff0000" scheme="Color"/>
</celldesigner:briefView>
<celldesigner:info state="empty" angle="-1.5707963267948966"/>
</celldesigner:speciesAlias>
<celldesigner:speciesAlias id="sa17" species="s27" complexSpeciesAlias="csa3">
<celldesigner:activity>inactive</celldesigner:activity>
<celldesigner:bounds x="486.375" y="421.875" w="96.0" h="131.0"/>
<celldesigner:font size="14"/>
<celldesigner:view state="usual"/>
<celldesigner:structuralState angle="4.6774823953448035"/>
<celldesigner:usualView>
<celldesigner:innerPosition x="15.75" y="11.25"/>
<celldesigner:boxSize width="96.0" height="131.0"/>
<celldesigner:singleLine width="1.0"/>
<celldesigner:paint color="ffffffcc" scheme="Color"/>
</celldesigner:usualView>
<celldesigner:briefView>
<celldesigner:innerPosition x="0.0" y="0.0"/>
<celldesigner:boxSize width="80.0" height="60.0"/>
<celldesigner:singleLine width="1.0"/>
<celldesigner:paint color="3fff0000" scheme="Color"/>
</celldesigner:briefView>
<celldesigner:info state="empty" angle="-1.5707963267948966"/>
</celldesigner:speciesAlias>
<celldesigner:speciesAlias id="sa19" species="s20" complexSpeciesAlias="csa3">
<celldesigner:activity>inactive</celldesigner:activity>
<celldesigner:bounds x="593.0" y="504.0" w="80.0" h="40.0"/>
<celldesigner:font size="12"/>
<celldesigner:view state="usual"/>
<celldesigner:structuralState angle="4.704033680774079"/>
<celldesigner:usualView>
<celldesigner:innerPosition x="122.375" y="93.375"/>
<celldesigner:boxSize width="80.0" height="40.0"/>
<celldesigner:singleLine width="1.0"/>
<celldesigner:paint color="ffccffcc" scheme="Color"/>
</celldesigner:usualView>
<celldesigner:briefView>
<celldesigner:innerPosition x="0.0" y="0.0"/>
<celldesigner:boxSize width="80.0" height="60.0"/>
<celldesigner:singleLine width="1.0"/>
<celldesigner:paint color="3fff0000" scheme="Color"/>
</celldesigner:briefView>
<celldesigner:info state="empty" angle="-1.5707963267948966"/>
</celldesigner:speciesAlias>
<celldesigner:speciesAlias id="sa20" species="s23" complexSpeciesAlias="csa4">
<celldesigner:activity>inactive</celldesigner:activity>
<celldesigner:bounds x="827.0" y="344.0" w="80.0" h="40.0"/>
<celldesigner:font size="12"/>
<celldesigner:view state="usual"/>
<celldesigner:usualView>
<celldesigner:innerPosition x="8.0" y="146.0"/>
<celldesigner:boxSize width="80.0" height="40.0"/>
<celldesigner:singleLine width="1.0"/>
<celldesigner:paint color="ffccffcc" scheme="Color"/>
</celldesigner:usualView>
<celldesigner:briefView>
<celldesigner:innerPosition x="0.0" y="0.0"/>
<celldesigner:boxSize width="80.0" height="60.0"/>
<celldesigner:singleLine width="1.0"/>
<celldesigner:paint color="3fff0000" scheme="Color"/>
</celldesigner:briefView>
<celldesigner:info state="empty" angle="-1.5707963267948966"/>
</celldesigner:speciesAlias>
<celldesigner:speciesAlias id="sa22" species="s25" complexSpeciesAlias="csa4">
<celldesigner:activity>inactive</celldesigner:activity>
<celldesigner:bounds x="988.25" y="342.0" w="80.0" h="40.0"/>
<celldesigner:font size="12"/>
<celldesigner:view state="usual"/>
<celldesigner:usualView>
<celldesigner:innerPosition x="169.25" y="144.0"/>
<celldesigner:boxSize width="80.0" height="40.0"/>
<celldesigner:singleLine width="1.0"/>
<celldesigner:paint color="ffccffcc" scheme="Color"/>
</celldesigner:usualView>
<celldesigner:briefView>
<celldesigner:innerPosition x="0.0" y="0.0"/>
<celldesigner:boxSize width="80.0" height="60.0"/>
<celldesigner:singleLine width="1.0"/>
<celldesigner:paint color="3fff0000" scheme="Color"/>
</celldesigner:briefView>
<celldesigner:info state="empty" angle="-1.5707963267948966"/>
</celldesigner:speciesAlias>
<celldesigner:speciesAlias id="sa23" species="s26" complexSpeciesAlias="csa4">
<celldesigner:activity>inactive</celldesigner:activity>
<celldesigner:bounds x="995.0" y="277.0" w="80.0" h="40.0"/>
<celldesigner:font size="12"/>
<celldesigner:view state="usual"/>
<celldesigner:structuralState angle="4.704033680774079"/>
<celldesigner:usualView>
<celldesigner:innerPosition x="176.0" y="79.0"/>
<celldesigner:boxSize width="80.0" height="40.0"/>
<celldesigner:singleLine width="1.0"/>
<celldesigner:paint color="ffccffcc" scheme="Color"/>
</celldesigner:usualView>
<celldesigner:briefView>
<celldesigner:innerPosition x="0.0" y="0.0"/>
<celldesigner:boxSize width="80.0" height="60.0"/>
<celldesigner:singleLine width="1.0"/>
<celldesigner:paint color="3fff0000" scheme="Color"/>
</celldesigner:briefView>
<celldesigner:info state="empty" angle="-1.5707963267948966"/>
</celldesigner:speciesAlias>
</celldesigner:listOfSpeciesAliases>
<celldesigner:listOfGroups/>
<celldesigner:listOfProteins>
<celldesigner:protein id="pr1" name="ErbB2" type="GENERIC">
<celldesigner:listOfModificationResidues>
<celldesigner:modificationResidue angle="3.845512436090568" id="rs2" name="Y1139" side="none"/>
<celldesigner:modificationResidue angle="5.901706199243683" id="rs3" name="Y1248" side="none"/>
<celldesigner:modificationResidue angle="5.57345673427558" id="rs4" name="Y1221/22" side="none"/>
<celldesigner:modificationResidue angle="3.5018784777514798" id="rs5" name="Y1196" side="none"/>
</celldesigner:listOfModificationResidues>
</celldesigner:protein>
<celldesigner:protein id="pr2" name="Grb2" type="GENERIC"/>
<celldesigner:protein id="pr3" name="Shc" type="GENERIC">
<celldesigner:listOfModificationResidues>
<celldesigner:modificationResidue angle="0.7629582158718069" id="rs1" name="Y317" side="none"/>
</celldesigner:listOfModificationResidues>
</celldesigner:protein>
<celldesigner:protein id="pr4" name="Chk" type="GENERIC"/>
</celldesigner:listOfProteins>
<celldesigner:listOfGenes/>
<celldesigner:listOfRNAs/>
<celldesigner:listOfAntisenseRNAs/>
<celldesigner:listOfLayers/>
<celldesigner:listOfBlockDiagrams/>
</celldesigner:extension>
</annotation>
<listOfUnitDefinitions>
<unitDefinition metaid="substance" id="substance" name="substance">
<listOfUnits>
<unit metaid="CDMT00017" kind="mole"/>
</listOfUnits>
</unitDefinition>
<unitDefinition metaid="volume" id="volume" name="volume">
<listOfUnits>
<unit metaid="CDMT00018" kind="litre"/>
</listOfUnits>
</unitDefinition>
<unitDefinition metaid="area" id="area" name="area">
<listOfUnits>
<unit metaid="CDMT00019" kind="metre" exponent="2"/>
</listOfUnits>
</unitDefinition>
<unitDefinition metaid="length" id="length" name="length">
<listOfUnits>
<unit metaid="CDMT00020" kind="metre"/>
</listOfUnits>
</unitDefinition>
<unitDefinition metaid="time" id="time" name="time">
<listOfUnits>
<unit metaid="CDMT00021" kind="second"/>
</listOfUnits>
</unitDefinition>
</listOfUnitDefinitions>
<listOfCompartments>
<compartment metaid="default" id="default" size="1" units="volume"/>
</listOfCompartments>
<listOfSpecies>
<species metaid="s3" id="s3" name="Grb2" compartment="default" initialAmount="0">
<annotation>
<celldesigner:extension>
<celldesigner:positionToCompartment>inside</celldesigner:positionToCompartment>
<celldesigner:speciesIdentity>
<celldesigner:class>PROTEIN</celldesigner:class>
<celldesigner:proteinReference>pr2</celldesigner:proteinReference>
</celldesigner:speciesIdentity>
</celldesigner:extension>
</annotation>
</species>
<species metaid="s4" id="s4" name="Shc" compartment="default" initialAmount="0">
<annotation>
<celldesigner:extension>
<celldesigner:positionToCompartment>inside</celldesigner:positionToCompartment>
<celldesigner:speciesIdentity>
<celldesigner:class>PROTEIN</celldesigner:class>
<celldesigner:proteinReference>pr3</celldesigner:proteinReference>
</celldesigner:speciesIdentity>
</celldesigner:extension>
</annotation>
</species>
<species metaid="s5" id="s5" name="Chk" compartment="default" initialAmount="0">
<annotation>
<celldesigner:extension>
<celldesigner:positionToCompartment>inside</celldesigner:positionToCompartment>
<celldesigner:speciesIdentity>
<celldesigner:class>PROTEIN</celldesigner:class>
<celldesigner:proteinReference>pr4</celldesigner:proteinReference>
</celldesigner:speciesIdentity>
</celldesigner:extension>
</annotation>
</species>
<species metaid="s7" id="s7" name="Grb2@ErbB2_Y1139P" compartment="default" initialAmount="0">
<annotation>
<celldesigner:extension>
<celldesigner:positionToCompartment>inside</celldesigner:positionToCompartment>
<celldesigner:speciesIdentity>
<celldesigner:class>COMPLEX</celldesigner:class>
<celldesigner:name>Grb2@ErbB2_Y1139P</celldesigner:name>
</celldesigner:speciesIdentity>
</celldesigner:extension>
</annotation>
</species>
<species metaid="s15" id="s15" name="Shc@ErbB2_Y1196/1221/22/1248P" compartment="default" initialAmount="0">
<annotation>
<celldesigner:extension>
<celldesigner:positionToCompartment>inside</celldesigner:positionToCompartment>
<celldesigner:speciesIdentity>
<celldesigner:class>COMPLEX</celldesigner:class>
<celldesigner:name>Shc@ErbB2_Y1196/1221/22/1248P</celldesigner:name>
</celldesigner:speciesIdentity>
</celldesigner:extension>
</annotation>
</species>
<species metaid="s21" id="s21" name="Chk@ErbB2_Y1248P" compartment="default" initialAmount="0">
<annotation>
<celldesigner:extension>
<celldesigner:positionToCompartment>inside</celldesigner:positionToCompartment>
<celldesigner:speciesIdentity>
<celldesigner:class>COMPLEX</celldesigner:class>
<celldesigner:name>Chk@ErbB2_Y1248P</celldesigner:name>
</celldesigner:speciesIdentity>
</celldesigner:extension>
</annotation>
</species>
<species metaid="s22" id="s22" name="Grb2@ErbB2_Y1139P" compartment="default" initialAmount="0">
<annotation>
<celldesigner:extension>
<celldesigner:positionToCompartment>inside</celldesigner:positionToCompartment>
<celldesigner:speciesIdentity>
<celldesigner:class>COMPLEX</celldesigner:class>
<celldesigner:name>Grb2@ErbB2_Y1139P</celldesigner:name>
</celldesigner:speciesIdentity>
</celldesigner:extension>
</annotation>
</species>
<species metaid="s1" id="s1" name="ErbB2" compartment="default" initialAmount="0">
<annotation>
<celldesigner:extension>
<celldesigner:positionToCompartment>inside</celldesigner:positionToCompartment>
<celldesigner:speciesIdentity>
<celldesigner:class>PROTEIN</celldesigner:class>
<celldesigner:proteinReference>pr1</celldesigner:proteinReference>
<celldesigner:state>
<celldesigner:homodimer>2</celldesigner:homodimer>
</celldesigner:state>
</celldesigner:speciesIdentity>
</celldesigner:extension>
</annotation>
</species>
<species metaid="s6" id="s6" name="ErbB2" compartment="default" initialAmount="0">
<annotation>
<celldesigner:extension>
<celldesigner:positionToCompartment>inside</celldesigner:positionToCompartment>
<celldesigner:speciesIdentity>
<celldesigner:class>PROTEIN</celldesigner:class>
<celldesigner:proteinReference>pr1</celldesigner:proteinReference>
<celldesigner:state>
<celldesigner:homodimer>2</celldesigner:homodimer>
<celldesigner:listOfModifications>
<celldesigner:modification residue="rs2" state="phosphorylated"/>
</celldesigner:listOfModifications>
<celldesigner:listOfStructuralStates>
<celldesigner:structuralState structuralState="active"/>
</celldesigner:listOfStructuralStates>
</celldesigner:state>
</celldesigner:speciesIdentity>
</celldesigner:extension>
</annotation>
</species>
<species metaid="s2" id="s2" name="ErbB2" compartment="default" initialAmount="0">
<annotation>
<celldesigner:extension>
<celldesigner:positionToCompartment>inside</celldesigner:positionToCompartment>
<celldesigner:speciesIdentity>
<celldesigner:class>PROTEIN</celldesigner:class>
<celldesigner:proteinReference>pr1</celldesigner:proteinReference>
<celldesigner:state>
<celldesigner:homodimer>2</celldesigner:homodimer>
<celldesigner:listOfModifications>
<celldesigner:modification residue="rs3" state="phosphorylated"/>
<celldesigner:modification residue="rs4" state="phosphorylated"/>
<celldesigner:modification residue="rs5" state="phosphorylated"/>
</celldesigner:listOfModifications>
<celldesigner:listOfStructuralStates>
<celldesigner:structuralState structuralState="active"/>
</celldesigner:listOfStructuralStates>
</celldesigner:state>
</celldesigner:speciesIdentity>
</celldesigner:extension>
</annotation>
</species>
<species metaid="s16" id="s16" name="ErbB2" compartment="default" initialAmount="0">
<annotation>
<celldesigner:extension>
<celldesigner:positionToCompartment>inside</celldesigner:positionToCompartment>
<celldesigner:speciesIdentity>
<celldesigner:class>PROTEIN</celldesigner:class>
<celldesigner:proteinReference>pr1</celldesigner:proteinReference>
<celldesigner:state>
<celldesigner:homodimer>2</celldesigner:homodimer>
<celldesigner:listOfModifications>
<celldesigner:modification residue="rs3" state="phosphorylated"/>
</celldesigner:listOfModifications>
<celldesigner:listOfStructuralStates>
<celldesigner:structuralState structuralState="active"/>
</celldesigner:listOfStructuralStates>
</celldesigner:state>
</celldesigner:speciesIdentity>
</celldesigner:extension>
</annotation>
</species>
</listOfSpecies>
<listOfReactions>
<reaction metaid="re1" id="re1" reversible="false">
<annotation>
<celldesigner:extension>
<celldesigner:reactionType>STATE_TRANSITION</celldesigner:reactionType>
<celldesigner:baseReactants>
<celldesigner:baseReactant species="s1" alias="sa1"/>
</celldesigner:baseReactants>
<celldesigner:baseProducts>
<celldesigner:baseProduct species="s6" alias="sa6">
<celldesigner:linkAnchor position="W"/>
</celldesigner:baseProduct>
</celldesigner:baseProducts>
<celldesigner:connectScheme connectPolicy="direct" rectangleIndex="0">
<celldesigner:listOfLineDirection>
<celldesigner:lineDirection index="0" value="unknown"/>
</celldesigner:listOfLineDirection>
</celldesigner:connectScheme>
<celldesigner:line width="1.0" color="ff000000"/>
</celldesigner:extension>
</annotation>
<listOfReactants>
<speciesReference metaid="CDMT00002" species="s1">
<annotation>
<celldesigner:extension>
<celldesigner:alias>sa1</celldesigner:alias>
</celldesigner:extension>
</annotation>
</speciesReference>
</listOfReactants>
<listOfProducts>
<speciesReference metaid="CDMT00003" species="s6">
<annotation>
<celldesigner:extension>
<celldesigner:alias>sa6</celldesigner:alias>
</celldesigner:extension>
</annotation>
</speciesReference>
</listOfProducts>
</reaction>
<reaction metaid="re2" id="re2" reversible="false">
<annotation>
<celldesigner:extension>
<celldesigner:reactionType>HETERODIMER_ASSOCIATION</celldesigner:reactionType>
<celldesigner:baseReactants>
<celldesigner:baseReactant species="s6" alias="sa6">
<celldesigner:linkAnchor position="E"/>
</celldesigner:baseReactant>
<celldesigner:baseReactant species="s3" alias="sa8">
<celldesigner:linkAnchor position="N"/>
</celldesigner:baseReactant>
</celldesigner:baseReactants>
<celldesigner:baseProducts>
<celldesigner:baseProduct species="s7" alias="csa1">
<celldesigner:linkAnchor position="W"/>
</celldesigner:baseProduct>
</celldesigner:baseProducts>
<celldesigner:connectScheme connectPolicy="direct">
<celldesigner:listOfLineDirection>
<celldesigner:lineDirection arm="0" index="0" value="unknown"/>
<celldesigner:lineDirection arm="1" index="0" value="unknown"/>
<celldesigner:lineDirection arm="2" index="0" value="unknown"/>
</celldesigner:listOfLineDirection>
</celldesigner:connectScheme>
<celldesigner:editPoints num0="0" num1="0" num2="0" tShapeIndex="0">-0.024994730758151507,0.41147414007391364</celldesigner:editPoints>
<celldesigner:line width="1.0" color="ff000000"/>
</celldesigner:extension>
</annotation>
<listOfReactants>
<speciesReference metaid="CDMT00004" species="s6">
<annotation>
<celldesigner:extension>
<celldesigner:alias>sa6</celldesigner:alias>
</celldesigner:extension>
</annotation>
</speciesReference>
<speciesReference metaid="CDMT00005" species="s3">
<annotation>
<celldesigner:extension>
<celldesigner:alias>sa8</celldesigner:alias>
</celldesigner:extension>
</annotation>
</speciesReference>
</listOfReactants>
<listOfProducts>
<speciesReference metaid="CDMT00006" species="s7">
<annotation>
<celldesigner:extension>
<celldesigner:alias>csa1</celldesigner:alias>
</celldesigner:extension>
</annotation>
</speciesReference>
</listOfProducts>
</reaction>
<reaction metaid="re3" id="re3" reversible="false">
<annotation>
<celldesigner:extension>
<celldesigner:reactionType>HETERODIMER_ASSOCIATION</celldesigner:reactionType>
<celldesigner:baseReactants>
<celldesigner:baseReactant species="s2" alias="sa2">
<celldesigner:linkAnchor position="E"/>
</celldesigner:baseReactant>
<celldesigner:baseReactant species="s4" alias="sa4"/>
</celldesigner:baseReactants>
<celldesigner:baseProducts>
<celldesigner:baseProduct species="s15" alias="csa2">
<celldesigner:linkAnchor position="W"/>
</celldesigner:baseProduct>
</celldesigner:baseProducts>
<celldesigner:connectScheme connectPolicy="direct">
<celldesigner:listOfLineDirection>
<celldesigner:lineDirection arm="0" index="0" value="unknown"/>
<celldesigner:lineDirection arm="1" index="0" value="unknown"/>
<celldesigner:lineDirection arm="2" index="0" value="unknown"/>
</celldesigner:listOfLineDirection>
</celldesigner:connectScheme>
<celldesigner:editPoints num0="0" num1="0" num2="0" tShapeIndex="0">-0.05009193735921258,0.4223082189257297</celldesigner:editPoints>
<celldesigner:line width="1.0" color="ff000000"/>
</celldesigner:extension>
</annotation>
<listOfReactants>
<speciesReference metaid="CDMT00007" species="s2">
<annotation>
<celldesigner:extension>
<celldesigner:alias>sa2</celldesigner:alias>
</celldesigner:extension>
</annotation>
</speciesReference>
<speciesReference metaid="CDMT00008" species="s4">
<annotation>
<celldesigner:extension>
<celldesigner:alias>sa4</celldesigner:alias>
</celldesigner:extension>
</annotation>
</speciesReference>
</listOfReactants>
<listOfProducts>
<speciesReference metaid="CDMT00009" species="s15">
<annotation>
<celldesigner:extension>
<celldesigner:alias>csa2</celldesigner:alias>
</celldesigner:extension>
</annotation>
</speciesReference>
</listOfProducts>
</reaction>
<reaction metaid="re4" id="re4" reversible="false">
<annotation>
<celldesigner:extension>
<celldesigner:reactionType>STATE_TRANSITION</celldesigner:reactionType>
<celldesigner:baseReactants>
<celldesigner:baseReactant species="s1" alias="sa1"/>
</celldesigner:baseReactants>
<celldesigner:baseProducts>
<celldesigner:baseProduct species="s2" alias="sa2">
<celldesigner:linkAnchor position="W"/>
</celldesigner:baseProduct>
</celldesigner:baseProducts>
<celldesigner:connectScheme connectPolicy="direct" rectangleIndex="0">
<celldesigner:listOfLineDirection>
<celldesigner:lineDirection index="0" value="unknown"/>
</celldesigner:listOfLineDirection>
</celldesigner:connectScheme>
<celldesigner:line width="1.0" color="ff000000"/>
</celldesigner:extension>
</annotation>
<listOfReactants>
<speciesReference metaid="CDMT00010" species="s1">
<annotation>
<celldesigner:extension>
<celldesigner:alias>sa1</celldesigner:alias>
</celldesigner:extension>
</annotation>
</speciesReference>
</listOfReactants>
<listOfProducts>
<speciesReference metaid="CDMT00011" species="s2">
<annotation>
<celldesigner:extension>
<celldesigner:alias>sa2</celldesigner:alias>
</celldesigner:extension>
</annotation>
</speciesReference>
</listOfProducts>
</reaction>
<reaction metaid="re5" id="re5" reversible="false">
<annotation>
<celldesigner:extension>
<celldesigner:reactionType>HETERODIMER_ASSOCIATION</celldesigner:reactionType>
<celldesigner:baseReactants>
<celldesigner:baseReactant species="s16" alias="sa16">
<celldesigner:linkAnchor position="E"/>
</celldesigner:baseReactant>
<celldesigner:baseReactant species="s5" alias="sa5"/>
</celldesigner:baseReactants>
<celldesigner:baseProducts>
<celldesigner:baseProduct species="s21" alias="csa3">
<celldesigner:linkAnchor position="W"/>
</celldesigner:baseProduct>
</celldesigner:baseProducts>
<celldesigner:connectScheme connectPolicy="direct">
<celldesigner:listOfLineDirection>
<celldesigner:lineDirection arm="0" index="0" value="unknown"/>
<celldesigner:lineDirection arm="1" index="0" value="unknown"/>
<celldesigner:lineDirection arm="2" index="0" value="unknown"/>
</celldesigner:listOfLineDirection>
</celldesigner:connectScheme>
<celldesigner:editPoints num0="0" num1="0" num2="0" tShapeIndex="0">-0.030977534380660643,0.404952813714079</celldesigner:editPoints>
<celldesigner:line width="1.0" color="ff000000"/>
</celldesigner:extension>
</annotation>
<listOfReactants>
<speciesReference metaid="CDMT00012" species="s16">
<annotation>
<celldesigner:extension>
<celldesigner:alias>sa16</celldesigner:alias>
</celldesigner:extension>
</annotation>
</speciesReference>
<speciesReference metaid="CDMT00013" species="s5">
<annotation>
<celldesigner:extension>
<celldesigner:alias>sa5</celldesigner:alias>
</celldesigner:extension>
</annotation>
</speciesReference>
</listOfReactants>
<listOfProducts>
<speciesReference metaid="CDMT00014" species="s21">
<annotation>
<celldesigner:extension>
<celldesigner:alias>csa3</celldesigner:alias>
</celldesigner:extension>
</annotation>
</speciesReference>
</listOfProducts>
</reaction>
<reaction metaid="re6" id="re6" reversible="false">
<annotation>
<celldesigner:extension>
<celldesigner:reactionType>STATE_TRANSITION</celldesigner:reactionType>
<celldesigner:baseReactants>
<celldesigner:baseReactant species="s1" alias="sa1"/>
</celldesigner:baseReactants>
<celldesigner:baseProducts>
<celldesigner:baseProduct species="s16" alias="sa16">
<celldesigner:linkAnchor position="W"/>
</celldesigner:baseProduct>
</celldesigner:baseProducts>
<celldesigner:connectScheme connectPolicy="direct" rectangleIndex="0">
<celldesigner:listOfLineDirection>
<celldesigner:lineDirection index="0" value="unknown"/>
</celldesigner:listOfLineDirection>
</celldesigner:connectScheme>
<celldesigner:line width="1.0" color="ff000000"/>
</celldesigner:extension>
</annotation>
<listOfReactants>
<speciesReference metaid="CDMT00015" species="s1">
<annotation>
<celldesigner:extension>
<celldesigner:alias>sa1</celldesigner:alias>
</celldesigner:extension>
</annotation>
</speciesReference>
</listOfReactants>
<listOfProducts>
<speciesReference metaid="CDMT00016" species="s16">
<annotation>
<celldesigner:extension>
<celldesigner:alias>sa16</celldesigner:alias>
</celldesigner:extension>
</annotation>
</speciesReference>
</listOfProducts>
</reaction>
<reaction metaid="re7" id="re7" reversible="false">
<annotation>
<celldesigner:extension>
<celldesigner:reactionType>KNOWN_TRANSITION_OMITTED</celldesigner:reactionType>
<celldesigner:baseReactants>
<celldesigner:baseReactant species="s7" alias="csa1">
<celldesigner:linkAnchor position="E"/>
</celldesigner:baseReactant>
</celldesigner:baseReactants>
<celldesigner:baseProducts>
<celldesigner:baseProduct species="s22" alias="csa4">
<celldesigner:linkAnchor position="W"/>
</celldesigner:baseProduct>
</celldesigner:baseProducts>
<celldesigner:connectScheme connectPolicy="direct" rectangleIndex="0">
<celldesigner:listOfLineDirection>
<celldesigner:lineDirection index="0" value="unknown"/>
</celldesigner:listOfLineDirection>
</celldesigner:connectScheme>
<celldesigner:line width="1.0" color="ff000000"/>
</celldesigner:extension>
</annotation>
<listOfReactants>
<speciesReference metaid="CDMT00022" species="s7">
<annotation>
<celldesigner:extension>
<celldesigner:alias>csa1</celldesigner:alias>
</celldesigner:extension>
</annotation>
</speciesReference>
</listOfReactants>
<listOfProducts>
<speciesReference metaid="CDMT00023" species="s22">
<annotation>
<celldesigner:extension>
<celldesigner:alias>csa4</celldesigner:alias>
</celldesigner:extension>
</annotation>
</speciesReference>
</listOfProducts>
</reaction>
<reaction metaid="re8" id="re8" reversible="false">
<annotation>
<celldesigner:extension>
<celldesigner:reactionType>KNOWN_TRANSITION_OMITTED</celldesigner:reactionType>
<celldesigner:baseReactants>
<celldesigner:baseReactant species="s15" alias="csa2">
<celldesigner:linkAnchor position="E"/>
</celldesigner:baseReactant>
</celldesigner:baseReactants>
<celldesigner:baseProducts>
<celldesigner:baseProduct species="s22" alias="csa4">
<celldesigner:linkAnchor position="W"/>
</celldesigner:baseProduct>
</celldesigner:baseProducts>
<celldesigner:connectScheme connectPolicy="direct" rectangleIndex="0">
<celldesigner:listOfLineDirection>
<celldesigner:lineDirection index="0" value="unknown"/>
</celldesigner:listOfLineDirection>
</celldesigner:connectScheme>
<celldesigner:line width="1.0" color="ff000000"/>
</celldesigner:extension>
</annotation>
<listOfReactants>
<speciesReference metaid="CDMT00024" species="s15">
<annotation>
<celldesigner:extension>
<celldesigner:alias>csa2</celldesigner:alias>
</celldesigner:extension>
</annotation>
</speciesReference>
</listOfReactants>
<listOfProducts>
<speciesReference metaid="CDMT00025" species="s22">
<annotation>
<celldesigner:extension>
<celldesigner:alias>csa4</celldesigner:alias>
</celldesigner:extension>
</annotation>
</speciesReference>
</listOfProducts>
</reaction>
<reaction metaid="re9" id="re9" reversible="false">
<annotation>
<celldesigner:extension>
<celldesigner:reactionType>KNOWN_TRANSITION_OMITTED</celldesigner:reactionType>
<celldesigner:baseReactants>
<celldesigner:baseReactant species="s21" alias="csa3">
<celldesigner:linkAnchor position="E"/>
</celldesigner:baseReactant>
</celldesigner:baseReactants>
<celldesigner:baseProducts>
<celldesigner:baseProduct species="s22" alias="csa4">
<celldesigner:linkAnchor position="W"/>
</celldesigner:baseProduct>
</celldesigner:baseProducts>
<celldesigner:connectScheme connectPolicy="direct" rectangleIndex="0">
<celldesigner:listOfLineDirection>
<celldesigner:lineDirection index="0" value="unknown"/>
</celldesigner:listOfLineDirection>
</celldesigner:connectScheme>
<celldesigner:line width="1.0" color="ff000000"/>
</celldesigner:extension>
</annotation>
<listOfReactants>
<speciesReference metaid="CDMT00026" species="s21">
<annotation>
<celldesigner:extension>
<celldesigner:alias>csa3</celldesigner:alias>
</celldesigner:extension>
</annotation>
</speciesReference>
</listOfReactants>
<listOfProducts>
<speciesReference metaid="CDMT00027" species="s22">
<annotation>
<celldesigner:extension>
<celldesigner:alias>csa4</celldesigner:alias>
</celldesigner:extension>
</annotation>
</speciesReference>
</listOfProducts>
</reaction>
</listOfReactions>
</model>
</sbml>
