<?xml version="1.0" encoding="UTF-8"?>
<sbml xmlns="http://www.sbml.org/sbml/level2/version4" xmlns:celldesigner="http://www.sbml.org/2001/ns/celldesigner" level="2" version="4">
<model metaid="untitled" id="ErbB2">
<annotation>
<celldesigner:extension>
<celldesigner:modelVersion>4.0</celldesigner:modelVersion>
<celldesigner:modelDisplay sizeX="1200" sizeY="1200"/>
<celldesigner:listOfIncludedSpecies>
<celldesigner:species id="s1" name="EGFR">
<celldesigner:notes>
<html xmlns="http://www.w3.org/1999/xhtml">
<body/>
</html>
</celldesigner:notes>
<celldesigner:annotation>
<celldesigner:complexSpecies>s88</celldesigner:complexSpecies>
<celldesigner:speciesIdentity>
<celldesigner:class>PROTEIN</celldesigner:class>
<celldesigner:proteinReference>pr1</celldesigner:proteinReference>
<celldesigner:state>
<celldesigner:homodimer>2</celldesigner:homodimer>
<celldesigner:listOfModifications>
<celldesigner:modification residue="rs1" state="phosphorylated"/>
<celldesigner:modification residue="rs2" state="phosphorylated"/>
<celldesigner:modification residue="rs3" state="phosphorylated"/>
<celldesigner:modification residue="rs4" state="phosphorylated"/>
<celldesigner:modification residue="rs5" state="phosphorylated"/>
<celldesigner:modification residue="rs6" state="phosphorylated"/>
</celldesigner:listOfModifications>
</celldesigner:state>
</celldesigner:speciesIdentity>
</celldesigner:annotation>
</celldesigner:species>
<celldesigner:species id="s9" name="Grb2">
<celldesigner:notes>
<html xmlns="http://www.w3.org/1999/xhtml">
<body/>
</html>
</celldesigner:notes>
<celldesigner:annotation>
<celldesigner:complexSpecies>s55</celldesigner:complexSpecies>
<celldesigner:speciesIdentity>
<celldesigner:class>PROTEIN</celldesigner:class>
<celldesigner:proteinReference>pr2</celldesigner:proteinReference>
</celldesigner:speciesIdentity>
</celldesigner:annotation>
</celldesigner:species>
<celldesigner:species id="s29" name="EGFR">
<celldesigner:notes>
<html xmlns="http://www.w3.org/1999/xhtml">
<body/>
</html>
</celldesigner:notes>
<celldesigner:annotation>
<celldesigner:complexSpecies>s55</celldesigner:complexSpecies>
<celldesigner:speciesIdentity>
<celldesigner:class>PROTEIN</celldesigner:class>
<celldesigner:proteinReference>pr1</celldesigner:proteinReference>
<celldesigner:state>
<celldesigner:homodimer>2</celldesigner:homodimer>
<celldesigner:listOfModifications>
<celldesigner:modification residue="rs1" state="phosphorylated"/>
<celldesigner:modification residue="rs2" state="phosphorylated"/>
<celldesigner:modification residue="rs3" state="phosphorylated"/>
<celldesigner:modification residue="rs4" state="phosphorylated"/>
<celldesigner:modification residue="rs5" state="phosphorylated"/>
<celldesigner:modification residue="rs6" state="phosphorylated"/>
</celldesigner:listOfModifications>
</celldesigner:state>
</celldesigner:speciesIdentity>
</celldesigner:annotation>
</celldesigner:species>
<celldesigner:species id="s30" name="EGFR">
<celldesigner:notes>
<html xmlns="http://www.w3.org/1999/xhtml">
<body/>
</html>
</celldesigner:notes>
<celldesigner:annotation>
<celldesigner:complexSpecies>s54</celldesigner:complexSpecies>
<celldesigner:speciesIdentity>
<celldesigner:class>PROTEIN</celldesigner:class>
<celldesigner:proteinReference>pr1</celldesigner:proteinReference>
<celldesigner:state>
<celldesigner:homodimer>2</celldesigner:homodimer>
<celldesigner:listOfModifications>
<celldesigner:modification residue="rs1" state="phosphorylated"/>
<celldesigner:modification residue="rs2" state="phosphorylated"/>
<celldesigner:modification residue="rs3" state="phosphorylated"/>
<celldesigner:modification residue="rs4" state="phosphorylated"/>
<celldesigner:modification residue="rs5" state="phosphorylated"/>
<celldesigner:modification residue="rs6" state="phosphorylated"/>
</celldesigner:listOfModifications>
</celldesigner:state>
</celldesigner:speciesIdentity>
</celldesigner:annotation>
</celldesigner:species>
<celldesigner:species id="s40" name="EGFR">
<celldesigner:notes>
<html xmlns="http://www.w3.org/1999/xhtml">
<body/>
</html>
</celldesigner:notes>
<celldesigner:annotation>
<celldesigner:complexSpecies>s39</celldesigner:complexSpecies>
<celldesigner:speciesIdentity>
<celldesigner:class>PROTEIN</celldesigner:class>
<celldesigner:proteinReference>pr1</celldesigner:proteinReference>
<celldesigner:state>
<celldesigner:homodimer>2</celldesigner:homodimer>
<celldesigner:listOfModifications>
<celldesigner:modification residue="rs1" state="phosphorylated"/>
<celldesigner:modification residue="rs2" state="phosphorylated"/>
<celldesigner:modification residue="rs3" state="phosphorylated"/>
<celldesigner:modification residue="rs4" state="phosphorylated"/>
<celldesigner:modification residue="rs5" state="phosphorylated"/>
<celldesigner:modification residue="rs6" state="phosphorylated"/>
</celldesigner:listOfModifications>
</celldesigner:state>
</celldesigner:speciesIdentity>
</celldesigner:annotation>
</celldesigner:species>
<celldesigner:species id="s41" name="Shc">
<celldesigner:notes>
<html xmlns="http://www.w3.org/1999/xhtml">
<body/>
</html>
</celldesigner:notes>
<celldesigner:annotation>
<celldesigner:complexSpecies>s39</celldesigner:complexSpecies>
<celldesigner:speciesIdentity>
<celldesigner:class>PROTEIN</celldesigner:class>
<celldesigner:proteinReference>pr3</celldesigner:proteinReference>
<celldesigner:state>
<celldesigner:listOfModifications>
<celldesigner:modification residue="rs1" state="phosphorylated"/>
</celldesigner:listOfModifications>
</celldesigner:state>
</celldesigner:speciesIdentity>
</celldesigner:annotation>
</celldesigner:species>
<celldesigner:species id="s43" name="EGFR">
<celldesigner:notes>
<html xmlns="http://www.w3.org/1999/xhtml">
<body/>
</html>
</celldesigner:notes>
<celldesigner:annotation>
<celldesigner:complexSpecies>s42</celldesigner:complexSpecies>
<celldesigner:speciesIdentity>
<celldesigner:class>PROTEIN</celldesigner:class>
<celldesigner:proteinReference>pr1</celldesigner:proteinReference>
<celldesigner:state>
<celldesigner:homodimer>2</celldesigner:homodimer>
<celldesigner:listOfModifications>
<celldesigner:modification residue="rs1" state="phosphorylated"/>
<celldesigner:modification residue="rs2" state="phosphorylated"/>
<celldesigner:modification residue="rs3" state="phosphorylated"/>
<celldesigner:modification residue="rs4" state="phosphorylated"/>
<celldesigner:modification residue="rs5" state="phosphorylated"/>
<celldesigner:modification residue="rs6" state="phosphorylated"/>
</celldesigner:listOfModifications>
</celldesigner:state>
</celldesigner:speciesIdentity>
</celldesigner:annotation>
</celldesigner:species>
<celldesigner:species id="s44" name="Shc">
<celldesigner:notes>
<html xmlns="http://www.w3.org/1999/xhtml">
<body/>
</html>
</celldesigner:notes>
<celldesigner:annotation>
<celldesigner:complexSpecies>s42</celldesigner:complexSpecies>
<celldesigner:speciesIdentity>
<celldesigner:class>PROTEIN</celldesigner:class>
<celldesigner:proteinReference>pr3</celldesigner:proteinReference>
</celldesigner:speciesIdentity>
</celldesigner:annotation>
</celldesigner:species>
<celldesigner:species id="s49" name="EGFR">
<celldesigner:notes>
<html xmlns="http://www.w3.org/1999/xhtml">
<body/>
</html>
</celldesigner:notes>
<celldesigner:annotation>
<celldesigner:complexSpecies>s85</celldesigner:complexSpecies>
<celldesigner:speciesIdentity>
<celldesigner:class>PROTEIN</celldesigner:class>
<celldesigner:proteinReference>pr1</celldesigner:proteinReference>
<celldesigner:state>
<celldesigner:homodimer>2</celldesigner:homodimer>
<celldesigner:listOfModifications>
<celldesigner:modification residue="rs1" state="phosphorylated"/>
<celldesigner:modification residue="rs2" state="phosphorylated"/>
<celldesigner:modification residue="rs3" state="phosphorylated"/>
<celldesigner:modification residue="rs4" state="phosphorylated"/>
<celldesigner:modification residue="rs5" state="phosphorylated"/>
<celldesigner:modification residue="rs6" state="phosphorylated"/>
</celldesigner:listOfModifications>
</celldesigner:state>
</celldesigner:speciesIdentity>
</celldesigner:annotation>
</celldesigner:species>
<celldesigner:species id="s50" name="Shc">
<celldesigner:notes>
<html xmlns="http://www.w3.org/1999/xhtml">
<body/>
</html>
</celldesigner:notes>
<celldesigner:annotation>
<celldesigner:complexSpecies>s85</celldesigner:complexSpecies>
<celldesigner:speciesIdentity>
<celldesigner:class>PROTEIN</celldesigner:class>
<celldesigner:proteinReference>pr3</celldesigner:proteinReference>
<celldesigner:state>
<celldesigner:listOfModifications>
<celldesigner:modification residue="rs1" state="phosphorylated"/>
</celldesigner:listOfModifications>
</celldesigner:state>
</celldesigner:speciesIdentity>
</celldesigner:annotation>
</celldesigner:species>
<celldesigner:species id="s53" name="Gab1">
<celldesigner:notes>
<html xmlns="http://www.w3.org/1999/xhtml">
<body/>
</html>
</celldesigner:notes>
<celldesigner:annotation>
<celldesigner:complexSpecies>s54</celldesigner:complexSpecies>
<celldesigner:speciesIdentity>
<celldesigner:class>PROTEIN</celldesigner:class>
<celldesigner:proteinReference>pr4</celldesigner:proteinReference>
</celldesigner:speciesIdentity>
</celldesigner:annotation>
</celldesigner:species>
<celldesigner:species id="s57" name="EGFR">
<celldesigner:notes>
<html xmlns="http://www.w3.org/1999/xhtml">
<body/>
</html>
</celldesigner:notes>
<celldesigner:annotation>
<celldesigner:complexSpecies>s56</celldesigner:complexSpecies>
<celldesigner:speciesIdentity>
<celldesigner:class>PROTEIN</celldesigner:class>
<celldesigner:proteinReference>pr1</celldesigner:proteinReference>
<celldesigner:state>
<celldesigner:homodimer>2</celldesigner:homodimer>
<celldesigner:listOfModifications>
<celldesigner:modification residue="rs1" state="phosphorylated"/>
<celldesigner:modification residue="rs2" state="phosphorylated"/>
<celldesigner:modification residue="rs3" state="phosphorylated"/>
<celldesigner:modification residue="rs4" state="phosphorylated"/>
<celldesigner:modification residue="rs5" state="phosphorylated"/>
<celldesigner:modification residue="rs6" state="phosphorylated"/>
</celldesigner:listOfModifications>
</celldesigner:state>
</celldesigner:speciesIdentity>
</celldesigner:annotation>
</celldesigner:species>
<celldesigner:species id="s58" name="Gab1">
<celldesigner:notes>
<html xmlns="http://www.w3.org/1999/xhtml">
<body/>
</html>
</celldesigner:notes>
<celldesigner:annotation>
<celldesigner:complexSpecies>s56</celldesigner:complexSpecies>
<celldesigner:speciesIdentity>
<celldesigner:class>PROTEIN</celldesigner:class>
<celldesigner:proteinReference>pr4</celldesigner:proteinReference>
<celldesigner:state>
<celldesigner:listOfModifications>
<celldesigner:modification residue="rs1" state="phosphorylated"/>
<celldesigner:modification residue="rs2" state="phosphorylated"/>
<celldesigner:modification residue="rs3" state="phosphorylated"/>
</celldesigner:listOfModifications>
</celldesigner:state>
</celldesigner:speciesIdentity>
</celldesigner:annotation>
</celldesigner:species>
<celldesigner:species id="s60" name="Grb2">
<celldesigner:notes>
<html xmlns="http://www.w3.org/1999/xhtml">
<body/>
</html>
</celldesigner:notes>
<celldesigner:annotation>
<celldesigner:complexSpecies>s87</celldesigner:complexSpecies>
<celldesigner:speciesIdentity>
<celldesigner:class>PROTEIN</celldesigner:class>
<celldesigner:proteinReference>pr2</celldesigner:proteinReference>
</celldesigner:speciesIdentity>
</celldesigner:annotation>
</celldesigner:species>
<celldesigner:species id="s61" name="EGFR">
<celldesigner:notes>
<html xmlns="http://www.w3.org/1999/xhtml">
<body/>
</html>
</celldesigner:notes>
<celldesigner:annotation>
<celldesigner:complexSpecies>s87</celldesigner:complexSpecies>
<celldesigner:speciesIdentity>
<celldesigner:class>PROTEIN</celldesigner:class>
<celldesigner:proteinReference>pr1</celldesigner:proteinReference>
<celldesigner:state>
<celldesigner:homodimer>2</celldesigner:homodimer>
<celldesigner:listOfModifications>
<celldesigner:modification residue="rs1" state="phosphorylated"/>
<celldesigner:modification residue="rs2" state="phosphorylated"/>
<celldesigner:modification residue="rs3" state="phosphorylated"/>
<celldesigner:modification residue="rs4" state="phosphorylated"/>
<celldesigner:modification residue="rs5" state="phosphorylated"/>
<celldesigner:modification residue="rs6" state="phosphorylated"/>
</celldesigner:listOfModifications>
</celldesigner:state>
</celldesigner:speciesIdentity>
</celldesigner:annotation>
</celldesigner:species>
<celldesigner:species id="s62" name="Gab1">
<celldesigner:notes>
<html xmlns="http://www.w3.org/1999/xhtml">
<body/>
</html>
</celldesigner:notes>
<celldesigner:annotation>
<celldesigner:complexSpecies>s87</celldesigner:complexSpecies>
<celldesigner:speciesIdentity>
<celldesigner:class>PROTEIN</celldesigner:class>
<celldesigner:proteinReference>pr4</celldesigner:proteinReference>
</celldesigner:speciesIdentity>
</celldesigner:annotation>
</celldesigner:species>
<celldesigner:species id="s63" name="Gab1">
<celldesigner:notes>
<html xmlns="http://www.w3.org/1999/xhtml">
<body/>
</html>
</celldesigner:notes>
<celldesigner:annotation>
<celldesigner:complexSpecies>s86</celldesigner:complexSpecies>
<celldesigner:speciesIdentity>
<celldesigner:class>PROTEIN</celldesigner:class>
<celldesigner:proteinReference>pr4</celldesigner:proteinReference>
<celldesigner:state>
<celldesigner:listOfModifications>
<celldesigner:modification residue="rs1" state="phosphorylated"/>
<celldesigner:modification residue="rs2" state="phosphorylated"/>
<celldesigner:modification residue="rs3" state="phosphorylated"/>
</celldesigner:listOfModifications>
</celldesigner:state>
</celldesigner:speciesIdentity>
</celldesigner:annotation>
</celldesigner:species>
<celldesigner:species id="s65" name="Grb2">
<celldesigner:notes>
<html xmlns="http://www.w3.org/1999/xhtml">
<body/>
</html>
</celldesigner:notes>
<celldesigner:annotation>
<celldesigner:complexSpecies>s86</celldesigner:complexSpecies>
<celldesigner:speciesIdentity>
<celldesigner:class>PROTEIN</celldesigner:class>
<celldesigner:proteinReference>pr2</celldesigner:proteinReference>
</celldesigner:speciesIdentity>
</celldesigner:annotation>
</celldesigner:species>
<celldesigner:species id="s66" name="EGFR">
<celldesigner:notes>
<html xmlns="http://www.w3.org/1999/xhtml">
<body/>
</html>
</celldesigner:notes>
<celldesigner:annotation>
<celldesigner:complexSpecies>s86</celldesigner:complexSpecies>
<celldesigner:speciesIdentity>
<celldesigner:class>PROTEIN</celldesigner:class>
<celldesigner:proteinReference>pr1</celldesigner:proteinReference>
<celldesigner:state>
<celldesigner:homodimer>2</celldesigner:homodimer>
<celldesigner:listOfModifications>
<celldesigner:modification residue="rs1" state="phosphorylated"/>
<celldesigner:modification residue="rs2" state="phosphorylated"/>
<celldesigner:modification residue="rs3" state="phosphorylated"/>
<celldesigner:modification residue="rs4" state="phosphorylated"/>
<celldesigner:modification residue="rs5" state="phosphorylated"/>
<celldesigner:modification residue="rs6" state="phosphorylated"/>
</celldesigner:listOfModifications>
</celldesigner:state>
</celldesigner:speciesIdentity>
</celldesigner:annotation>
</celldesigner:species>
<celldesigner:species id="s72" name="EGF">
<celldesigner:notes>
<html xmlns="http://www.w3.org/1999/xhtml">
<body/>
</html>
</celldesigner:notes>
<celldesigner:annotation>
<celldesigner:complexSpecies>s88</celldesigner:complexSpecies>
<celldesigner:speciesIdentity>
<celldesigner:class>PROTEIN</celldesigner:class>
<celldesigner:proteinReference>pr5</celldesigner:proteinReference>
</celldesigner:speciesIdentity>
</celldesigner:annotation>
</celldesigner:species>
<celldesigner:species id="s73" name="EGF">
<celldesigner:notes>
<html xmlns="http://www.w3.org/1999/xhtml">
<body/>
</html>
</celldesigner:notes>
<celldesigner:annotation>
<celldesigner:complexSpecies>s42</celldesigner:complexSpecies>
<celldesigner:speciesIdentity>
<celldesigner:class>PROTEIN</celldesigner:class>
<celldesigner:proteinReference>pr5</celldesigner:proteinReference>
</celldesigner:speciesIdentity>
</celldesigner:annotation>
</celldesigner:species>
<celldesigner:species id="s74" name="EGF">
<celldesigner:notes>
<html xmlns="http://www.w3.org/1999/xhtml">
<body/>
</html>
</celldesigner:notes>
<celldesigner:annotation>
<celldesigner:complexSpecies>s55</celldesigner:complexSpecies>
<celldesigner:speciesIdentity>
<celldesigner:class>PROTEIN</celldesigner:class>
<celldesigner:proteinReference>pr5</celldesigner:proteinReference>
</celldesigner:speciesIdentity>
</celldesigner:annotation>
</celldesigner:species>
<celldesigner:species id="s76" name="EGF">
<celldesigner:notes>
<html xmlns="http://www.w3.org/1999/xhtml">
<body/>
</html>
</celldesigner:notes>
<celldesigner:annotation>
<celldesigner:complexSpecies>s39</celldesigner:complexSpecies>
<celldesigner:speciesIdentity>
<celldesigner:class>PROTEIN</celldesigner:class>
<celldesigner:proteinReference>pr5</celldesigner:proteinReference>
</celldesigner:speciesIdentity>
</celldesigner:annotation>
</celldesigner:species>
<celldesigner:species id="s77" name="EGF">
<celldesigner:notes>
<html xmlns="http://www.w3.org/1999/xhtml">
<body/>
</html>
</celldesigner:notes>
<celldesigner:annotation>
<celldesigner:complexSpecies>s85</celldesigner:complexSpecies>
<celldesigner:speciesIdentity>
<celldesigner:class>PROTEIN</celldesigner:class>
<celldesigner:proteinReference>pr5</celldesigner:proteinReference>
</celldesigner:speciesIdentity>
</celldesigner:annotation>
</celldesigner:species>
<celldesigner:species id="s78" name="EGF">
<celldesigner:notes>
<html xmlns="http://www.w3.org/1999/xhtml">
<body/>
</html>
</celldesigner:notes>
<celldesigner:annotation>
<celldesigner:complexSpecies>s87</celldesigner:complexSpecies>
<celldesigner:speciesIdentity>
<celldesigner:class>PROTEIN</celldesigner:class>
<celldesigner:proteinReference>pr5</celldesigner:proteinReference>
</celldesigner:speciesIdentity>
</celldesigner:annotation>
</celldesigner:species>
<celldesigner:species id="s79" name="EGF">
<celldesigner:notes>
<html xmlns="http://www.w3.org/1999/xhtml">
<body/>
</html>
</celldesigner:notes>
<celldesigner:annotation>
<celldesigner:complexSpecies>s86</celldesigner:complexSpecies>
<celldesigner:speciesIdentity>
<celldesigner:class>PROTEIN</celldesigner:class>
<celldesigner:proteinReference>pr5</celldesigner:proteinReference>
</celldesigner:speciesIdentity>
</celldesigner:annotation>
</celldesigner:species>
<celldesigner:species id="s51" name="Grb2">
<celldesigner:notes>
<html xmlns="http://www.w3.org/1999/xhtml">
<body/>
</html>
</celldesigner:notes>
<celldesigner:annotation>
<celldesigner:complexSpecies>s85</celldesigner:complexSpecies>
<celldesigner:speciesIdentity>
<celldesigner:class>PROTEIN</celldesigner:class>
<celldesigner:proteinReference>pr2</celldesigner:proteinReference>
</celldesigner:speciesIdentity>
</celldesigner:annotation>
</celldesigner:species>
<celldesigner:species id="s83" name="EGF">
<celldesigner:notes>
<html xmlns="http://www.w3.org/1999/xhtml">
<body/>
</html>
</celldesigner:notes>
<celldesigner:annotation>
<celldesigner:complexSpecies>s54</celldesigner:complexSpecies>
<celldesigner:speciesIdentity>
<celldesigner:class>PROTEIN</celldesigner:class>
<celldesigner:proteinReference>pr5</celldesigner:proteinReference>
</celldesigner:speciesIdentity>
</celldesigner:annotation>
</celldesigner:species>
<celldesigner:species id="s84" name="EGF">
<celldesigner:notes>
<html xmlns="http://www.w3.org/1999/xhtml">
<body/>
</html>
</celldesigner:notes>
<celldesigner:annotation>
<celldesigner:complexSpecies>s56</celldesigner:complexSpecies>
<celldesigner:speciesIdentity>
<celldesigner:class>PROTEIN</celldesigner:class>
<celldesigner:proteinReference>pr5</celldesigner:proteinReference>
</celldesigner:speciesIdentity>
</celldesigner:annotation>
</celldesigner:species>
</celldesigner:listOfIncludedSpecies>
<celldesigner:listOfCompartmentAliases/>
<celldesigner:listOfComplexSpeciesAliases>
<celldesigner:complexSpeciesAlias id="csa2" species="s42">
<celldesigner:activity>inactive</celldesigner:activity>
<celldesigner:bounds x="124.25" y="242.75" w="200.0" h="200.0"/>
<celldesigner:font size="12"/>
<celldesigner:view state="usual"/>
<celldesigner:backupSize w="0.0" h="0.0"/>
<celldesigner:backupView state="none"/>
<celldesigner:usualView>
<celldesigner:innerPosition x="0.0" y="0.0"/>
<celldesigner:boxSize width="200.0" height="200.0"/>
<celldesigner:singleLine width="2.0"/>
<celldesigner:paint color="fff7f7f7" scheme="Color"/>
</celldesigner:usualView>
<celldesigner:briefView>
<celldesigner:innerPosition x="0.0" y="0.0"/>
<celldesigner:boxSize width="80.0" height="60.0"/>
<celldesigner:singleLine width="2.0"/>
<celldesigner:paint color="fff7f7f7" scheme="Color"/>
</celldesigner:briefView>
<celldesigner:info state="empty" angle="-1.5707963267948966"/>
</celldesigner:complexSpeciesAlias>
<celldesigner:complexSpeciesAlias id="csa1" species="s55">
<celldesigner:activity>inactive</celldesigner:activity>
<celldesigner:bounds x="522.0" y="241.0" w="160.0" h="230.0"/>
<celldesigner:font size="12"/>
<celldesigner:view state="usual"/>
<celldesigner:backupSize w="0.0" h="0.0"/>
<celldesigner:backupView state="none"/>
<celldesigner:usualView>
<celldesigner:innerPosition x="0.0" y="0.0"/>
<celldesigner:boxSize width="160.0" height="230.0"/>
<celldesigner:singleLine width="2.0"/>
<celldesigner:paint color="fff7f7f7" scheme="Color"/>
</celldesigner:usualView>
<celldesigner:briefView>
<celldesigner:innerPosition x="0.0" y="0.0"/>
<celldesigner:boxSize width="80.0" height="60.0"/>
<celldesigner:singleLine width="2.0"/>
<celldesigner:paint color="fff7f7f7" scheme="Color"/>
</celldesigner:briefView>
<celldesigner:info state="empty" angle="-1.5707963267948966"/>
</celldesigner:complexSpeciesAlias>
<celldesigner:complexSpeciesAlias id="csa5" species="s39">
<celldesigner:activity>inactive</celldesigner:activity>
<celldesigner:bounds x="123.5" y="531.0" w="200.0" h="200.0"/>
<celldesigner:font size="12"/>
<celldesigner:view state="usual"/>
<celldesigner:backupSize w="0.0" h="0.0"/>
<celldesigner:backupView state="none"/>
<celldesigner:usualView>
<celldesigner:innerPosition x="0.0" y="0.0"/>
<celldesigner:boxSize width="200.0" height="200.0"/>
<celldesigner:singleLine width="2.0"/>
<celldesigner:paint color="fff7f7f7" scheme="Color"/>
</celldesigner:usualView>
<celldesigner:briefView>
<celldesigner:innerPosition x="0.0" y="0.0"/>
<celldesigner:boxSize width="80.0" height="60.0"/>
<celldesigner:singleLine width="2.0"/>
<celldesigner:paint color="fff7f7f7" scheme="Color"/>
</celldesigner:briefView>
<celldesigner:info state="empty" angle="-1.5707963267948966"/>
</celldesigner:complexSpeciesAlias>
<celldesigner:complexSpeciesAlias id="csa3" species="s54">
<celldesigner:activity>inactive</celldesigner:activity>
<celldesigner:bounds x="950.625" y="239.625" w="160.0" h="240.0"/>
<celldesigner:font size="12"/>
<celldesigner:view state="usual"/>
<celldesigner:backupSize w="0.0" h="0.0"/>
<celldesigner:backupView state="none"/>
<celldesigner:usualView>
<celldesigner:innerPosition x="0.0" y="0.0"/>
<celldesigner:boxSize width="160.0" height="240.0"/>
<celldesigner:singleLine width="2.0"/>
<celldesigner:paint color="fff7f7f7" scheme="Color"/>
</celldesigner:usualView>
<celldesigner:briefView>
<celldesigner:innerPosition x="0.0" y="0.0"/>
<celldesigner:boxSize width="80.0" height="60.0"/>
<celldesigner:singleLine width="2.0"/>
<celldesigner:paint color="fff7f7f7" scheme="Color"/>
</celldesigner:briefView>
<celldesigner:info state="empty" angle="-1.5707963267948966"/>
</celldesigner:complexSpeciesAlias>
<celldesigner:complexSpeciesAlias id="csa7" species="s85">
<celldesigner:activity>inactive</celldesigner:activity>
<celldesigner:bounds x="223.5" y="831.0" w="200.0" h="200.0"/>
<celldesigner:font size="12"/>
<celldesigner:view state="usual"/>
<celldesigner:backupSize w="0.0" h="0.0"/>
<celldesigner:backupView state="none"/>
<celldesigner:usualView>
<celldesigner:innerPosition x="0.0" y="0.0"/>
<celldesigner:boxSize width="200.0" height="200.0"/>
<celldesigner:singleLine width="2.0"/>
<celldesigner:paint color="fff7f7f7" scheme="Color"/>
</celldesigner:usualView>
<celldesigner:briefView>
<celldesigner:innerPosition x="0.0" y="0.0"/>
<celldesigner:boxSize width="80.0" height="60.0"/>
<celldesigner:singleLine width="2.0"/>
<celldesigner:paint color="fff7f7f7" scheme="Color"/>
</celldesigner:briefView>
<celldesigner:info state="empty" angle="-1.5707963267948966"/>
</celldesigner:complexSpeciesAlias>
<celldesigner:complexSpeciesAlias id="csa8" species="s87">
<celldesigner:activity>inactive</celldesigner:activity>
<celldesigner:bounds x="590.5" y="532.0" w="200.0" h="240.0"/>
<celldesigner:font size="12"/>
<celldesigner:view state="usual"/>
<celldesigner:backupSize w="0.0" h="0.0"/>
<celldesigner:backupView state="none"/>
<celldesigner:usualView>
<celldesigner:innerPosition x="0.0" y="0.0"/>
<celldesigner:boxSize width="200.0" height="240.0"/>
<celldesigner:singleLine width="2.0"/>
<celldesigner:paint color="fff7f7f7" scheme="Color"/>
</celldesigner:usualView>
<celldesigner:briefView>
<celldesigner:innerPosition x="0.0" y="0.0"/>
<celldesigner:boxSize width="80.0" height="60.0"/>
<celldesigner:singleLine width="2.0"/>
<celldesigner:paint color="fff7f7f7" scheme="Color"/>
</celldesigner:briefView>
<celldesigner:info state="empty" angle="-1.5707963267948966"/>
</celldesigner:complexSpeciesAlias>
<celldesigner:complexSpeciesAlias id="csa9" species="s56">
<celldesigner:activity>inactive</celldesigner:activity>
<celldesigner:bounds x="950.0" y="530.5" w="160.0" h="240.0"/>
<celldesigner:font size="12"/>
<celldesigner:view state="usual"/>
<celldesigner:backupSize w="0.0" h="0.0"/>
<celldesigner:backupView state="none"/>
<celldesigner:usualView>
<celldesigner:innerPosition x="0.0" y="0.0"/>
<celldesigner:boxSize width="160.0" height="240.0"/>
<celldesigner:singleLine width="2.0"/>
<celldesigner:paint color="fff7f7f7" scheme="Color"/>
</celldesigner:usualView>
<celldesigner:briefView>
<celldesigner:innerPosition x="0.0" y="0.0"/>
<celldesigner:boxSize width="80.0" height="60.0"/>
<celldesigner:singleLine width="2.0"/>
<celldesigner:paint color="fff7f7f7" scheme="Color"/>
</celldesigner:briefView>
<celldesigner:info state="empty" angle="-1.5707963267948966"/>
</celldesigner:complexSpeciesAlias>
<celldesigner:complexSpeciesAlias id="csa10" species="s86">
<celldesigner:activity>inactive</celldesigner:activity>
<celldesigner:bounds x="693.75" y="832.0" w="200.0" h="240.0"/>
<celldesigner:font size="12"/>
<celldesigner:view state="usual"/>
<celldesigner:backupSize w="0.0" h="0.0"/>
<celldesigner:backupView state="none"/>
<celldesigner:usualView>
<celldesigner:innerPosition x="0.0" y="0.0"/>
<celldesigner:boxSize width="200.0" height="240.0"/>
<celldesigner:singleLine width="2.0"/>
<celldesigner:paint color="fff7f7f7" scheme="Color"/>
</celldesigner:usualView>
<celldesigner:briefView>
<celldesigner:innerPosition x="0.0" y="0.0"/>
<celldesigner:boxSize width="80.0" height="60.0"/>
<celldesigner:singleLine width="2.0"/>
<celldesigner:paint color="fff7f7f7" scheme="Color"/>
</celldesigner:briefView>
<celldesigner:info state="empty" angle="-1.5707963267948966"/>
</celldesigner:complexSpeciesAlias>
<celldesigner:complexSpeciesAlias id="csa11" species="s88">
<celldesigner:activity>inactive</celldesigner:activity>
<celldesigner:bounds x="527.0" y="6.0" w="150.0" h="190.0"/>
<celldesigner:font size="12"/>
<celldesigner:view state="usual"/>
<celldesigner:backupSize w="0.0" h="0.0"/>
<celldesigner:backupView state="none"/>
<celldesigner:usualView>
<celldesigner:innerPosition x="0.0" y="0.0"/>
<celldesigner:boxSize width="150.0" height="190.0"/>
<celldesigner:singleLine width="2.0"/>
<celldesigner:paint color="fff7f7f7" scheme="Color"/>
</celldesigner:usualView>
<celldesigner:briefView>
<celldesigner:innerPosition x="0.0" y="0.0"/>
<celldesigner:boxSize width="80.0" height="60.0"/>
<celldesigner:singleLine width="2.0"/>
<celldesigner:paint color="fff7f7f7" scheme="Color"/>
</celldesigner:briefView>
<celldesigner:info state="empty" angle="-1.5707963267948966"/>
</celldesigner:complexSpeciesAlias>
</celldesigner:listOfComplexSpeciesAliases>
<celldesigner:listOfSpeciesAliases>
<celldesigner:speciesAlias id="sa1" species="s1" complexSpeciesAlias="csa11">
<celldesigner:activity>active</celldesigner:activity>
<celldesigner:bounds x="554.0" y="64.0" w="80.0" h="100.0"/>
<celldesigner:font size="20"/>
<celldesigner:view state="usual"/>
<celldesigner:usualView>
<celldesigner:innerPosition x="27.0" y="58.0"/>
<celldesigner:boxSize width="80.0" height="100.0"/>
<celldesigner:singleLine width="1.0"/>
<celldesigner:paint color="ffffffcc" scheme="Color"/>
</celldesigner:usualView>
<celldesigner:briefView>
<celldesigner:innerPosition x="0.0" y="0.0"/>
<celldesigner:boxSize width="80.0" height="60.0"/>
<celldesigner:singleLine width="1.0"/>
<celldesigner:paint color="3fff0000" scheme="Color"/>
</celldesigner:briefView>
<celldesigner:info state="empty" angle="-1.5707963267948966"/>
</celldesigner:speciesAlias>
<celldesigner:speciesAlias id="sa3" species="s9" complexSpeciesAlias="csa1">
<celldesigner:activity>inactive</celldesigner:activity>
<celldesigner:bounds x="552.0" y="410.0" w="80.0" h="40.0"/>
<celldesigner:font size="18"/>
<celldesigner:view state="usual"/>
<celldesigner:usualView>
<celldesigner:innerPosition x="30.0" y="169.0"/>
<celldesigner:boxSize width="80.0" height="40.0"/>
<celldesigner:singleLine width="1.0"/>
<celldesigner:paint color="ffccffcc" scheme="Color"/>
</celldesigner:usualView>
<celldesigner:briefView>
<celldesigner:innerPosition x="0.0" y="0.0"/>
<celldesigner:boxSize width="80.0" height="60.0"/>
<celldesigner:singleLine width="1.0"/>
<celldesigner:paint color="3fff0000" scheme="Color"/>
</celldesigner:briefView>
<celldesigner:info state="empty" angle="-1.5707963267948966"/>
</celldesigner:speciesAlias>
<celldesigner:speciesAlias id="sa4" species="s4">
<celldesigner:activity>inactive</celldesigner:activity>
<celldesigner:bounds x="301.5" y="146.0" w="80.0" h="40.0"/>
<celldesigner:font size="18"/>
<celldesigner:view state="usual"/>
<celldesigner:usualView>
<celldesigner:innerPosition x="0.0" y="0.0"/>
<celldesigner:boxSize width="80.0" height="40.0"/>
<celldesigner:singleLine width="1.0"/>
<celldesigner:paint color="ffccffcc" scheme="Color"/>
</celldesigner:usualView>
<celldesigner:briefView>
<celldesigner:innerPosition x="0.0" y="0.0"/>
<celldesigner:boxSize width="80.0" height="60.0"/>
<celldesigner:singleLine width="1.0"/>
<celldesigner:paint color="3fff0000" scheme="Color"/>
</celldesigner:briefView>
<celldesigner:info state="empty" angle="-1.5707963267948966"/>
</celldesigner:speciesAlias>
<celldesigner:speciesAlias id="sa5" species="s5">
<celldesigner:activity>inactive</celldesigner:activity>
<celldesigner:bounds x="784.0" y="178.0" w="80.0" h="40.0"/>
<celldesigner:font size="18"/>
<celldesigner:view state="usual"/>
<celldesigner:usualView>
<celldesigner:innerPosition x="0.0" y="0.0"/>
<celldesigner:boxSize width="80.0" height="40.0"/>
<celldesigner:singleLine width="1.0"/>
<celldesigner:paint color="ffccffcc" scheme="Color"/>
</celldesigner:usualView>
<celldesigner:briefView>
<celldesigner:innerPosition x="0.0" y="0.0"/>
<celldesigner:boxSize width="80.0" height="60.0"/>
<celldesigner:singleLine width="1.0"/>
<celldesigner:paint color="3fff0000" scheme="Color"/>
</celldesigner:briefView>
<celldesigner:info state="empty" angle="-1.5707963267948966"/>
</celldesigner:speciesAlias>
<celldesigner:speciesAlias id="sa8" species="s3">
<celldesigner:activity>inactive</celldesigner:activity>
<celldesigner:bounds x="429.875" y="195.5" w="80.0" h="40.0"/>
<celldesigner:font size="18"/>
<celldesigner:view state="usual"/>
<celldesigner:usualView>
<celldesigner:innerPosition x="0.0" y="0.0"/>
<celldesigner:boxSize width="80.0" height="40.0"/>
<celldesigner:singleLine width="1.0"/>
<celldesigner:paint color="ffccffcc" scheme="Color"/>
</celldesigner:usualView>
<celldesigner:briefView>
<celldesigner:innerPosition x="0.0" y="0.0"/>
<celldesigner:boxSize width="80.0" height="60.0"/>
<celldesigner:singleLine width="1.0"/>
<celldesigner:paint color="3fff0000" scheme="Color"/>
</celldesigner:briefView>
<celldesigner:info state="empty" angle="-1.5707963267948966"/>
</celldesigner:speciesAlias>
<celldesigner:speciesAlias id="sa14" species="s44" complexSpeciesAlias="csa2">
<celldesigner:activity>inactive</celldesigner:activity>
<celldesigner:bounds x="237.25" y="337.0" w="80.0" h="40.0"/>
<celldesigner:font size="18"/>
<celldesigner:view state="usual"/>
<celldesigner:usualView>
<celldesigner:innerPosition x="113.0" y="94.25"/>
<celldesigner:boxSize width="80.0" height="40.0"/>
<celldesigner:singleLine width="1.0"/>
<celldesigner:paint color="ffccffcc" scheme="Color"/>
</celldesigner:usualView>
<celldesigner:briefView>
<celldesigner:innerPosition x="0.0" y="0.0"/>
<celldesigner:boxSize width="80.0" height="60.0"/>
<celldesigner:singleLine width="1.0"/>
<celldesigner:paint color="3fff0000" scheme="Color"/>
</celldesigner:briefView>
<celldesigner:info state="empty" angle="-1.5707963267948966"/>
</celldesigner:speciesAlias>
<celldesigner:speciesAlias id="sa24" species="s43" complexSpeciesAlias="csa2">
<celldesigner:activity>active</celldesigner:activity>
<celldesigner:bounds x="146.5" y="305.1460430744192" w="80.0" h="100.0"/>
<celldesigner:font size="20"/>
<celldesigner:view state="usual"/>
<celldesigner:usualView>
<celldesigner:innerPosition x="22.25" y="62.3960430744192"/>
<celldesigner:boxSize width="80.0" height="100.0"/>
<celldesigner:singleLine width="1.0"/>
<celldesigner:paint color="ffffffcc" scheme="Color"/>
</celldesigner:usualView>
<celldesigner:briefView>
<celldesigner:innerPosition x="0.0" y="0.0"/>
<celldesigner:boxSize width="80.0" height="60.0"/>
<celldesigner:singleLine width="1.0"/>
<celldesigner:paint color="3fff0000" scheme="Color"/>
</celldesigner:briefView>
<celldesigner:info state="empty" angle="-1.5707963267948966"/>
</celldesigner:speciesAlias>
<celldesigner:speciesAlias id="sa25" species="s29" complexSpeciesAlias="csa1">
<celldesigner:activity>active</celldesigner:activity>
<celldesigner:bounds x="553.5" y="298.1460430744192" w="80.0" h="100.0"/>
<celldesigner:font size="20"/>
<celldesigner:view state="usual"/>
<celldesigner:usualView>
<celldesigner:innerPosition x="31.5" y="57.1460430744192"/>
<celldesigner:boxSize width="80.0" height="100.0"/>
<celldesigner:singleLine width="1.0"/>
<celldesigner:paint color="ffffffcc" scheme="Color"/>
</celldesigner:usualView>
<celldesigner:briefView>
<celldesigner:innerPosition x="0.0" y="0.0"/>
<celldesigner:boxSize width="80.0" height="60.0"/>
<celldesigner:singleLine width="1.0"/>
<celldesigner:paint color="3fff0000" scheme="Color"/>
</celldesigner:briefView>
<celldesigner:info state="empty" angle="-1.5707963267948966"/>
</celldesigner:speciesAlias>
<celldesigner:speciesAlias id="sa26" species="s30" complexSpeciesAlias="csa3">
<celldesigner:activity>active</celldesigner:activity>
<celldesigner:bounds x="983.5" y="296.1460430744192" w="80.0" h="100.0"/>
<celldesigner:font size="20"/>
<celldesigner:view state="usual"/>
<celldesigner:usualView>
<celldesigner:innerPosition x="32.875" y="56.5210430744192"/>
<celldesigner:boxSize width="80.0" height="100.0"/>
<celldesigner:singleLine width="1.0"/>
<celldesigner:paint color="ffffffcc" scheme="Color"/>
</celldesigner:usualView>
<celldesigner:briefView>
<celldesigner:innerPosition x="0.0" y="0.0"/>
<celldesigner:boxSize width="80.0" height="60.0"/>
<celldesigner:singleLine width="1.0"/>
<celldesigner:paint color="3fff0000" scheme="Color"/>
</celldesigner:briefView>
<celldesigner:info state="empty" angle="-1.5707963267948966"/>
</celldesigner:speciesAlias>
<celldesigner:speciesAlias id="sa28" species="s41" complexSpeciesAlias="csa5">
<celldesigner:activity>inactive</celldesigner:activity>
<celldesigner:bounds x="229.5" y="620.25" w="80.0" h="40.0"/>
<celldesigner:font size="18"/>
<celldesigner:view state="usual"/>
<celldesigner:usualView>
<celldesigner:innerPosition x="106.0" y="89.25"/>
<celldesigner:boxSize width="80.0" height="40.0"/>
<celldesigner:singleLine width="1.0"/>
<celldesigner:paint color="ffccffcc" scheme="Color"/>
</celldesigner:usualView>
<celldesigner:briefView>
<celldesigner:innerPosition x="0.0" y="0.0"/>
<celldesigner:boxSize width="80.0" height="60.0"/>
<celldesigner:singleLine width="1.0"/>
<celldesigner:paint color="3fff0000" scheme="Color"/>
</celldesigner:briefView>
<celldesigner:info state="empty" angle="-1.5707963267948966"/>
</celldesigner:speciesAlias>
<celldesigner:speciesAlias id="sa29" species="s40" complexSpeciesAlias="csa5">
<celldesigner:activity>active</celldesigner:activity>
<celldesigner:bounds x="137.75" y="589.3960430744191" w="80.0" h="100.0"/>
<celldesigner:font size="20"/>
<celldesigner:view state="usual"/>
<celldesigner:usualView>
<celldesigner:innerPosition x="14.25" y="58.39604307441914"/>
<celldesigner:boxSize width="80.0" height="100.0"/>
<celldesigner:singleLine width="1.0"/>
<celldesigner:paint color="ffffffcc" scheme="Color"/>
</celldesigner:usualView>
<celldesigner:briefView>
<celldesigner:innerPosition x="0.0" y="0.0"/>
<celldesigner:boxSize width="80.0" height="60.0"/>
<celldesigner:singleLine width="1.0"/>
<celldesigner:paint color="3fff0000" scheme="Color"/>
</celldesigner:briefView>
<celldesigner:info state="empty" angle="-1.5707963267948966"/>
</celldesigner:speciesAlias>
<celldesigner:speciesAlias id="sa32" species="s49" complexSpeciesAlias="csa7">
<celldesigner:activity>active</celldesigner:activity>
<celldesigner:bounds x="239.75" y="891.3960430744191" w="80.0" h="100.0"/>
<celldesigner:font size="20"/>
<celldesigner:view state="usual"/>
<celldesigner:usualView>
<celldesigner:innerPosition x="16.25" y="60.39604307441914"/>
<celldesigner:boxSize width="80.0" height="100.0"/>
<celldesigner:singleLine width="1.0"/>
<celldesigner:paint color="ffffffcc" scheme="Color"/>
</celldesigner:usualView>
<celldesigner:briefView>
<celldesigner:innerPosition x="0.0" y="0.0"/>
<celldesigner:boxSize width="80.0" height="60.0"/>
<celldesigner:singleLine width="1.0"/>
<celldesigner:paint color="3fff0000" scheme="Color"/>
</celldesigner:briefView>
<celldesigner:info state="empty" angle="-1.5707963267948966"/>
</celldesigner:speciesAlias>
<celldesigner:speciesAlias id="sa33" species="s50" complexSpeciesAlias="csa7">
<celldesigner:activity>inactive</celldesigner:activity>
<celldesigner:bounds x="335.5" y="924.25" w="80.0" h="40.0"/>
<celldesigner:font size="18"/>
<celldesigner:view state="usual"/>
<celldesigner:usualView>
<celldesigner:innerPosition x="112.0" y="93.25"/>
<celldesigner:boxSize width="80.0" height="40.0"/>
<celldesigner:singleLine width="1.0"/>
<celldesigner:paint color="ffccffcc" scheme="Color"/>
</celldesigner:usualView>
<celldesigner:briefView>
<celldesigner:innerPosition x="0.0" y="0.0"/>
<celldesigner:boxSize width="80.0" height="60.0"/>
<celldesigner:singleLine width="1.0"/>
<celldesigner:paint color="3fff0000" scheme="Color"/>
</celldesigner:briefView>
<celldesigner:info state="empty" angle="-1.5707963267948966"/>
</celldesigner:speciesAlias>
<celldesigner:speciesAlias id="sa34" species="s51" complexSpeciesAlias="csa7">
<celldesigner:activity>inactive</celldesigner:activity>
<celldesigner:bounds x="336.5" y="968.0" w="80.0" h="40.0"/>
<celldesigner:font size="18"/>
<celldesigner:view state="usual"/>
<celldesigner:usualView>
<celldesigner:innerPosition x="113.0" y="137.0"/>
<celldesigner:boxSize width="80.0" height="40.0"/>
<celldesigner:singleLine width="1.0"/>
<celldesigner:paint color="ffccffcc" scheme="Color"/>
</celldesigner:usualView>
<celldesigner:briefView>
<celldesigner:innerPosition x="0.0" y="0.0"/>
<celldesigner:boxSize width="80.0" height="60.0"/>
<celldesigner:singleLine width="1.0"/>
<celldesigner:paint color="3fff0000" scheme="Color"/>
</celldesigner:briefView>
<celldesigner:info state="empty" angle="-1.5707963267948966"/>
</celldesigner:speciesAlias>
<celldesigner:speciesAlias id="sa35" species="s53" complexSpeciesAlias="csa3">
<celldesigner:activity>inactive</celldesigner:activity>
<celldesigner:bounds x="985.75" y="407.0" w="80.0" h="40.0"/>
<celldesigner:font size="18"/>
<celldesigner:view state="usual"/>
<celldesigner:usualView>
<celldesigner:innerPosition x="35.125" y="167.375"/>
<celldesigner:boxSize width="80.0" height="40.0"/>
<celldesigner:singleLine width="1.0"/>
<celldesigner:paint color="ffccffcc" scheme="Color"/>
</celldesigner:usualView>
<celldesigner:briefView>
<celldesigner:innerPosition x="0.0" y="0.0"/>
<celldesigner:boxSize width="80.0" height="60.0"/>
<celldesigner:singleLine width="1.0"/>
<celldesigner:paint color="3fff0000" scheme="Color"/>
</celldesigner:briefView>
<celldesigner:info state="empty" angle="-1.5707963267948966"/>
</celldesigner:speciesAlias>
<celldesigner:speciesAlias id="sa36" species="s60" complexSpeciesAlias="csa8">
<celldesigner:activity>inactive</celldesigner:activity>
<celldesigner:bounds x="699.5" y="702.0" w="80.0" h="40.0"/>
<celldesigner:font size="18"/>
<celldesigner:view state="usual"/>
<celldesigner:usualView>
<celldesigner:innerPosition x="109.0" y="170.0"/>
<celldesigner:boxSize width="80.0" height="40.0"/>
<celldesigner:singleLine width="1.0"/>
<celldesigner:paint color="ffccffcc" scheme="Color"/>
</celldesigner:usualView>
<celldesigner:briefView>
<celldesigner:innerPosition x="0.0" y="0.0"/>
<celldesigner:boxSize width="80.0" height="60.0"/>
<celldesigner:singleLine width="1.0"/>
<celldesigner:paint color="3fff0000" scheme="Color"/>
</celldesigner:briefView>
<celldesigner:info state="empty" angle="-1.5707963267948966"/>
</celldesigner:speciesAlias>
<celldesigner:speciesAlias id="sa37" species="s61" complexSpeciesAlias="csa8">
<celldesigner:activity>active</celldesigner:activity>
<celldesigner:bounds x="648.0" y="590.1460430744191" w="80.0" h="100.0"/>
<celldesigner:font size="20"/>
<celldesigner:view state="usual"/>
<celldesigner:usualView>
<celldesigner:innerPosition x="57.5" y="58.14604307441914"/>
<celldesigner:boxSize width="80.0" height="100.0"/>
<celldesigner:singleLine width="1.0"/>
<celldesigner:paint color="ffffffcc" scheme="Color"/>
</celldesigner:usualView>
<celldesigner:briefView>
<celldesigner:innerPosition x="0.0" y="0.0"/>
<celldesigner:boxSize width="80.0" height="60.0"/>
<celldesigner:singleLine width="1.0"/>
<celldesigner:paint color="3fff0000" scheme="Color"/>
</celldesigner:briefView>
<celldesigner:info state="empty" angle="-1.5707963267948966"/>
</celldesigner:speciesAlias>
<celldesigner:speciesAlias id="sa38" species="s57" complexSpeciesAlias="csa9">
<celldesigner:activity>active</celldesigner:activity>
<celldesigner:bounds x="985.875" y="585.0210430744191" w="80.0" h="100.0"/>
<celldesigner:font size="20"/>
<celldesigner:view state="usual"/>
<celldesigner:usualView>
<celldesigner:innerPosition x="35.875" y="54.52104307441914"/>
<celldesigner:boxSize width="80.0" height="100.0"/>
<celldesigner:singleLine width="1.0"/>
<celldesigner:paint color="ffffffcc" scheme="Color"/>
</celldesigner:usualView>
<celldesigner:briefView>
<celldesigner:innerPosition x="0.0" y="0.0"/>
<celldesigner:boxSize width="80.0" height="60.0"/>
<celldesigner:singleLine width="1.0"/>
<celldesigner:paint color="3fff0000" scheme="Color"/>
</celldesigner:briefView>
<celldesigner:info state="empty" angle="-1.5707963267948966"/>
</celldesigner:speciesAlias>
<celldesigner:speciesAlias id="sa39" species="s58" complexSpeciesAlias="csa9">
<celldesigner:activity>inactive</celldesigner:activity>
<celldesigner:bounds x="985.125" y="694.875" w="80.0" h="40.0"/>
<celldesigner:font size="18"/>
<celldesigner:view state="usual"/>
<celldesigner:usualView>
<celldesigner:innerPosition x="35.125" y="164.375"/>
<celldesigner:boxSize width="80.0" height="40.0"/>
<celldesigner:singleLine width="1.0"/>
<celldesigner:paint color="ffccffcc" scheme="Color"/>
</celldesigner:usualView>
<celldesigner:briefView>
<celldesigner:innerPosition x="0.0" y="0.0"/>
<celldesigner:boxSize width="80.0" height="60.0"/>
<celldesigner:singleLine width="1.0"/>
<celldesigner:paint color="3fff0000" scheme="Color"/>
</celldesigner:briefView>
<celldesigner:info state="empty" angle="-1.5707963267948966"/>
</celldesigner:speciesAlias>
<celldesigner:speciesAlias id="sa40" species="s62" complexSpeciesAlias="csa8">
<celldesigner:activity>inactive</celldesigner:activity>
<celldesigner:bounds x="603.75" y="701.0" w="80.0" h="40.0"/>
<celldesigner:font size="18"/>
<celldesigner:view state="usual"/>
<celldesigner:usualView>
<celldesigner:innerPosition x="13.25" y="169.0"/>
<celldesigner:boxSize width="80.0" height="40.0"/>
<celldesigner:singleLine width="1.0"/>
<celldesigner:paint color="ffccffcc" scheme="Color"/>
</celldesigner:usualView>
<celldesigner:briefView>
<celldesigner:innerPosition x="0.0" y="0.0"/>
<celldesigner:boxSize width="80.0" height="60.0"/>
<celldesigner:singleLine width="1.0"/>
<celldesigner:paint color="3fff0000" scheme="Color"/>
</celldesigner:briefView>
<celldesigner:info state="empty" angle="-1.5707963267948966"/>
</celldesigner:speciesAlias>
<celldesigner:speciesAlias id="sa41" species="s65" complexSpeciesAlias="csa10">
<celldesigner:activity>inactive</celldesigner:activity>
<celldesigner:bounds x="805.75" y="1000.0" w="80.0" h="40.0"/>
<celldesigner:font size="18"/>
<celldesigner:view state="usual"/>
<celldesigner:usualView>
<celldesigner:innerPosition x="112.0" y="168.0"/>
<celldesigner:boxSize width="80.0" height="40.0"/>
<celldesigner:singleLine width="1.0"/>
<celldesigner:paint color="ffccffcc" scheme="Color"/>
</celldesigner:usualView>
<celldesigner:briefView>
<celldesigner:innerPosition x="0.0" y="0.0"/>
<celldesigner:boxSize width="80.0" height="60.0"/>
<celldesigner:singleLine width="1.0"/>
<celldesigner:paint color="3fff0000" scheme="Color"/>
</celldesigner:briefView>
<celldesigner:info state="empty" angle="-1.5707963267948966"/>
</celldesigner:speciesAlias>
<celldesigner:speciesAlias id="sa42" species="s66" complexSpeciesAlias="csa10">
<celldesigner:activity>active</celldesigner:activity>
<celldesigner:bounds x="756.25" y="885.1460430744191" w="80.0" h="100.0"/>
<celldesigner:font size="20"/>
<celldesigner:view state="usual"/>
<celldesigner:usualView>
<celldesigner:innerPosition x="62.5" y="53.14604307441914"/>
<celldesigner:boxSize width="80.0" height="100.0"/>
<celldesigner:singleLine width="1.0"/>
<celldesigner:paint color="ffffffcc" scheme="Color"/>
</celldesigner:usualView>
<celldesigner:briefView>
<celldesigner:innerPosition x="0.0" y="0.0"/>
<celldesigner:boxSize width="80.0" height="60.0"/>
<celldesigner:singleLine width="1.0"/>
<celldesigner:paint color="3fff0000" scheme="Color"/>
</celldesigner:briefView>
<celldesigner:info state="empty" angle="-1.5707963267948966"/>
</celldesigner:speciesAlias>
<celldesigner:speciesAlias id="sa44" species="s63" complexSpeciesAlias="csa10">
<celldesigner:activity>inactive</celldesigner:activity>
<celldesigner:bounds x="707.75" y="998.0" w="80.0" h="40.0"/>
<celldesigner:font size="18"/>
<celldesigner:view state="usual"/>
<celldesigner:usualView>
<celldesigner:innerPosition x="14.0" y="166.0"/>
<celldesigner:boxSize width="80.0" height="40.0"/>
<celldesigner:singleLine width="1.0"/>
<celldesigner:paint color="ffccffcc" scheme="Color"/>
</celldesigner:usualView>
<celldesigner:briefView>
<celldesigner:innerPosition x="0.0" y="0.0"/>
<celldesigner:boxSize width="80.0" height="60.0"/>
<celldesigner:singleLine width="1.0"/>
<celldesigner:paint color="3fff0000" scheme="Color"/>
</celldesigner:briefView>
<celldesigner:info state="empty" angle="-1.5707963267948966"/>
</celldesigner:speciesAlias>
<celldesigner:speciesAlias id="sa45" species="s67">
<celldesigner:activity>inactive</celldesigner:activity>
<celldesigner:bounds x="32.0" y="1124.0" w="280.0" h="40.0"/>
<celldesigner:font size="16"/>
<celldesigner:view state="usual"/>
<celldesigner:usualView>
<celldesigner:innerPosition x="0.0" y="0.0"/>
<celldesigner:boxSize width="280.0" height="40.0"/>
<celldesigner:singleLine width="1.0"/>
<celldesigner:paint color="ffcc99ff" scheme="Color"/>
</celldesigner:usualView>
<celldesigner:briefView>
<celldesigner:innerPosition x="0.0" y="0.0"/>
<celldesigner:boxSize width="80.0" height="60.0"/>
<celldesigner:singleLine width="1.0"/>
<celldesigner:paint color="3fff0000" scheme="Color"/>
</celldesigner:briefView>
<celldesigner:info state="empty" angle="-1.5707963267948966"/>
</celldesigner:speciesAlias>
<celldesigner:speciesAlias id="sa46" species="s68">
<celldesigner:activity>inactive</celldesigner:activity>
<celldesigner:bounds x="417.5" y="1123.0" w="280.0" h="40.0"/>
<celldesigner:font size="16"/>
<celldesigner:view state="usual"/>
<celldesigner:usualView>
<celldesigner:innerPosition x="0.0" y="0.0"/>
<celldesigner:boxSize width="280.0" height="40.0"/>
<celldesigner:singleLine width="1.0"/>
<celldesigner:paint color="ffcc99ff" scheme="Color"/>
</celldesigner:usualView>
<celldesigner:briefView>
<celldesigner:innerPosition x="0.0" y="0.0"/>
<celldesigner:boxSize width="80.0" height="60.0"/>
<celldesigner:singleLine width="1.0"/>
<celldesigner:paint color="3fff0000" scheme="Color"/>
</celldesigner:briefView>
<celldesigner:info state="empty" angle="-1.5707963267948966"/>
</celldesigner:speciesAlias>
<celldesigner:speciesAlias id="sa47" species="s69">
<celldesigner:activity>inactive</celldesigner:activity>
<celldesigner:bounds x="889.5" y="1123.0" w="280.0" h="40.0"/>
<celldesigner:font size="16"/>
<celldesigner:view state="usual"/>
<celldesigner:usualView>
<celldesigner:innerPosition x="0.0" y="0.0"/>
<celldesigner:boxSize width="280.0" height="40.0"/>
<celldesigner:singleLine width="1.0"/>
<celldesigner:paint color="ffcc99ff" scheme="Color"/>
</celldesigner:usualView>
<celldesigner:briefView>
<celldesigner:innerPosition x="0.0" y="0.0"/>
<celldesigner:boxSize width="80.0" height="60.0"/>
<celldesigner:singleLine width="1.0"/>
<celldesigner:paint color="3fff0000" scheme="Color"/>
</celldesigner:briefView>
<celldesigner:info state="empty" angle="-1.5707963267948966"/>
</celldesigner:speciesAlias>
<celldesigner:speciesAlias id="sa48" species="s72" complexSpeciesAlias="csa11">
<celldesigner:activity>inactive</celldesigner:activity>
<celldesigner:bounds x="554.0" y="13.0" w="80.0" h="40.0"/>
<celldesigner:font size="18"/>
<celldesigner:view state="usual"/>
<celldesigner:usualView>
<celldesigner:innerPosition x="27.0" y="7.0"/>
<celldesigner:boxSize width="80.0" height="40.0"/>
<celldesigner:singleLine width="1.0"/>
<celldesigner:paint color="ffccffcc" scheme="Color"/>
</celldesigner:usualView>
<celldesigner:briefView>
<celldesigner:innerPosition x="0.0" y="0.0"/>
<celldesigner:boxSize width="80.0" height="60.0"/>
<celldesigner:singleLine width="1.0"/>
<celldesigner:paint color="3fff0000" scheme="Color"/>
</celldesigner:briefView>
<celldesigner:info state="empty" angle="-1.5707963267948966"/>
</celldesigner:speciesAlias>
<celldesigner:speciesAlias id="sa49" species="s73" complexSpeciesAlias="csa2">
<celldesigner:activity>inactive</celldesigner:activity>
<celldesigner:bounds x="144.5" y="256.0" w="80.0" h="40.0"/>
<celldesigner:font size="18"/>
<celldesigner:view state="usual"/>
<celldesigner:usualView>
<celldesigner:innerPosition x="20.25" y="13.25"/>
<celldesigner:boxSize width="80.0" height="40.0"/>
<celldesigner:singleLine width="1.0"/>
<celldesigner:paint color="ffccffcc" scheme="Color"/>
</celldesigner:usualView>
<celldesigner:briefView>
<celldesigner:innerPosition x="0.0" y="0.0"/>
<celldesigner:boxSize width="80.0" height="60.0"/>
<celldesigner:singleLine width="1.0"/>
<celldesigner:paint color="3fff0000" scheme="Color"/>
</celldesigner:briefView>
<celldesigner:info state="empty" angle="-1.5707963267948966"/>
</celldesigner:speciesAlias>
<celldesigner:speciesAlias id="sa50" species="s74" complexSpeciesAlias="csa1">
<celldesigner:activity>inactive</celldesigner:activity>
<celldesigner:bounds x="552.5" y="247.0" w="80.0" h="40.0"/>
<celldesigner:font size="18"/>
<celldesigner:view state="usual"/>
<celldesigner:usualView>
<celldesigner:innerPosition x="30.5" y="6.0"/>
<celldesigner:boxSize width="80.0" height="40.0"/>
<celldesigner:singleLine width="1.0"/>
<celldesigner:paint color="ffccffcc" scheme="Color"/>
</celldesigner:usualView>
<celldesigner:briefView>
<celldesigner:innerPosition x="0.0" y="0.0"/>
<celldesigner:boxSize width="80.0" height="60.0"/>
<celldesigner:singleLine width="1.0"/>
<celldesigner:paint color="3fff0000" scheme="Color"/>
</celldesigner:briefView>
<celldesigner:info state="empty" angle="-1.5707963267948966"/>
</celldesigner:speciesAlias>
<celldesigner:speciesAlias id="sa52" species="s76" complexSpeciesAlias="csa5">
<celldesigner:activity>inactive</celldesigner:activity>
<celldesigner:bounds x="137.5" y="538.0" w="80.0" h="40.0"/>
<celldesigner:font size="18"/>
<celldesigner:view state="usual"/>
<celldesigner:usualView>
<celldesigner:innerPosition x="14.0" y="7.0"/>
<celldesigner:boxSize width="80.0" height="40.0"/>
<celldesigner:singleLine width="1.0"/>
<celldesigner:paint color="ffccffcc" scheme="Color"/>
</celldesigner:usualView>
<celldesigner:briefView>
<celldesigner:innerPosition x="0.0" y="0.0"/>
<celldesigner:boxSize width="80.0" height="60.0"/>
<celldesigner:singleLine width="1.0"/>
<celldesigner:paint color="3fff0000" scheme="Color"/>
</celldesigner:briefView>
<celldesigner:info state="empty" angle="-1.5707963267948966"/>
</celldesigner:speciesAlias>
<celldesigner:speciesAlias id="sa53" species="s77" complexSpeciesAlias="csa7">
<celldesigner:activity>inactive</celldesigner:activity>
<celldesigner:bounds x="235.5" y="838.0" w="80.0" h="40.0"/>
<celldesigner:font size="18"/>
<celldesigner:view state="usual"/>
<celldesigner:usualView>
<celldesigner:innerPosition x="12.0" y="7.0"/>
<celldesigner:boxSize width="80.0" height="40.0"/>
<celldesigner:singleLine width="1.0"/>
<celldesigner:paint color="ffccffcc" scheme="Color"/>
</celldesigner:usualView>
<celldesigner:briefView>
<celldesigner:innerPosition x="0.0" y="0.0"/>
<celldesigner:boxSize width="80.0" height="60.0"/>
<celldesigner:singleLine width="1.0"/>
<celldesigner:paint color="3fff0000" scheme="Color"/>
</celldesigner:briefView>
<celldesigner:info state="empty" angle="-1.5707963267948966"/>
</celldesigner:speciesAlias>
<celldesigner:speciesAlias id="sa54" species="s78" complexSpeciesAlias="csa8">
<celldesigner:activity>inactive</celldesigner:activity>
<celldesigner:bounds x="646.5" y="539.0" w="80.0" h="40.0"/>
<celldesigner:font size="18"/>
<celldesigner:view state="usual"/>
<celldesigner:usualView>
<celldesigner:innerPosition x="56.0" y="7.0"/>
<celldesigner:boxSize width="80.0" height="40.0"/>
<celldesigner:singleLine width="1.0"/>
<celldesigner:paint color="ffccffcc" scheme="Color"/>
</celldesigner:usualView>
<celldesigner:briefView>
<celldesigner:innerPosition x="0.0" y="0.0"/>
<celldesigner:boxSize width="80.0" height="60.0"/>
<celldesigner:singleLine width="1.0"/>
<celldesigner:paint color="3fff0000" scheme="Color"/>
</celldesigner:briefView>
<celldesigner:info state="empty" angle="-1.5707963267948966"/>
</celldesigner:speciesAlias>
<celldesigner:speciesAlias id="sa55" species="s79" complexSpeciesAlias="csa10">
<celldesigner:activity>inactive</celldesigner:activity>
<celldesigner:bounds x="753.5" y="837.0" w="80.0" h="40.0"/>
<celldesigner:font size="18"/>
<celldesigner:view state="usual"/>
<celldesigner:usualView>
<celldesigner:innerPosition x="59.75" y="5.0"/>
<celldesigner:boxSize width="80.0" height="40.0"/>
<celldesigner:singleLine width="1.0"/>
<celldesigner:paint color="ffccffcc" scheme="Color"/>
</celldesigner:usualView>
<celldesigner:briefView>
<celldesigner:innerPosition x="0.0" y="0.0"/>
<celldesigner:boxSize width="80.0" height="60.0"/>
<celldesigner:singleLine width="1.0"/>
<celldesigner:paint color="3fff0000" scheme="Color"/>
</celldesigner:briefView>
<celldesigner:info state="empty" angle="-1.5707963267948966"/>
</celldesigner:speciesAlias>
<celldesigner:speciesAlias id="sa56" species="s83" complexSpeciesAlias="csa3">
<celldesigner:activity>inactive</celldesigner:activity>
<celldesigner:bounds x="982.5" y="246.0" w="80.0" h="40.0"/>
<celldesigner:font size="18"/>
<celldesigner:view state="usual"/>
<celldesigner:usualView>
<celldesigner:innerPosition x="31.875" y="6.375"/>
<celldesigner:boxSize width="80.0" height="40.0"/>
<celldesigner:singleLine width="1.0"/>
<celldesigner:paint color="ffccffcc" scheme="Color"/>
</celldesigner:usualView>
<celldesigner:briefView>
<celldesigner:innerPosition x="0.0" y="0.0"/>
<celldesigner:boxSize width="80.0" height="60.0"/>
<celldesigner:singleLine width="1.0"/>
<celldesigner:paint color="3fff0000" scheme="Color"/>
</celldesigner:briefView>
<celldesigner:info state="empty" angle="-1.5707963267948966"/>
</celldesigner:speciesAlias>
<celldesigner:speciesAlias id="sa57" species="s84" complexSpeciesAlias="csa9">
<celldesigner:activity>inactive</celldesigner:activity>
<celldesigner:bounds x="985.5" y="536.0" w="80.0" h="40.0"/>
<celldesigner:font size="18"/>
<celldesigner:view state="usual"/>
<celldesigner:usualView>
<celldesigner:innerPosition x="35.5" y="5.5"/>
<celldesigner:boxSize width="80.0" height="40.0"/>
<celldesigner:singleLine width="1.0"/>
<celldesigner:paint color="ffccffcc" scheme="Color"/>
</celldesigner:usualView>
<celldesigner:briefView>
<celldesigner:innerPosition x="0.0" y="0.0"/>
<celldesigner:boxSize width="80.0" height="60.0"/>
<celldesigner:singleLine width="1.0"/>
<celldesigner:paint color="3fff0000" scheme="Color"/>
</celldesigner:briefView>
<celldesigner:info state="empty" angle="-1.5707963267948966"/>
</celldesigner:speciesAlias>
</celldesigner:listOfSpeciesAliases>
<celldesigner:listOfGroups/>
<celldesigner:listOfProteins>
<celldesigner:protein id="pr1" name="EGFR" type="GENERIC">
<celldesigner:listOfModificationResidues>
<celldesigner:modificationResidue angle="2.3653270269760363" id="rs1" name="Y992" side="none"/>
<celldesigner:modificationResidue angle="3.84" id="rs2" name="Y1068" side="none"/>
<celldesigner:modificationResidue angle="5.96" id="rs3" name="Y1148" side="none"/>
<celldesigner:modificationResidue angle="5.57" id="rs4" name="Y1086" side="none"/>
<celldesigner:modificationResidue angle="3.4630638119627455" id="rs5" name="Y1045" side="none"/>
<celldesigner:modificationResidue angle="0.7319075908072566" id="rs6" name="Y1173" side="none"/>
</celldesigner:listOfModificationResidues>
</celldesigner:protein>
<celldesigner:protein id="pr2" name="Grb2" type="GENERIC"/>
<celldesigner:protein id="pr3" name="Shc" type="GENERIC">
<celldesigner:listOfModificationResidues>
<celldesigner:modificationResidue angle="0.7629582158718069" id="rs1" name="Y317" side="none"/>
</celldesigner:listOfModificationResidues>
</celldesigner:protein>
<celldesigner:protein id="pr4" name="Gab1" type="GENERIC">
<celldesigner:listOfModificationResidues>
<celldesigner:modificationResidue angle="3.8282550478744195" id="rs1" name="Y446" side="none"/>
<celldesigner:modificationResidue angle="4.678701559160534" id="rs2" name="Y472" side="none"/>
<celldesigner:modificationResidue angle="5.63999378798533" id="rs3" name="Y589" side="none"/>
</celldesigner:listOfModificationResidues>
</celldesigner:protein>
<celldesigner:protein id="pr5" name="EGF" type="GENERIC"/>
</celldesigner:listOfProteins>
<celldesigner:listOfGenes/>
<celldesigner:listOfRNAs/>
<celldesigner:listOfAntisenseRNAs/>
<celldesigner:listOfLayers/>
<celldesigner:listOfBlockDiagrams/>
</celldesigner:extension>
</annotation>
<listOfUnitDefinitions>
<unitDefinition metaid="substance" id="substance" name="substance">
<listOfUnits>
<unit metaid="CDMT00036" kind="mole"/>
</listOfUnits>
</unitDefinition>
<unitDefinition metaid="volume" id="volume" name="volume">
<listOfUnits>
<unit metaid="CDMT00037" kind="litre"/>
</listOfUnits>
</unitDefinition>
<unitDefinition metaid="area" id="area" name="area">
<listOfUnits>
<unit metaid="CDMT00038" kind="metre" exponent="2"/>
</listOfUnits>
</unitDefinition>
<unitDefinition metaid="length" id="length" name="length">
<listOfUnits>
<unit metaid="CDMT00039" kind="metre"/>
</listOfUnits>
</unitDefinition>
<unitDefinition metaid="time" id="time" name="time">
<listOfUnits>
<unit metaid="CDMT00040" kind="second"/>
</listOfUnits>
</unitDefinition>
</listOfUnitDefinitions>
<listOfCompartments>
<compartment metaid="default" id="default" size="1" units="volume"/>
</listOfCompartments>
<listOfSpecies>
<species metaid="s3" id="s3" name="Grb2" compartment="default" initialAmount="0">
<annotation>
<celldesigner:extension>
<celldesigner:positionToCompartment>inside</celldesigner:positionToCompartment>
<celldesigner:speciesIdentity>
<celldesigner:class>PROTEIN</celldesigner:class>
<celldesigner:proteinReference>pr2</celldesigner:proteinReference>
</celldesigner:speciesIdentity>
</celldesigner:extension>
</annotation>
</species>
<species metaid="s4" id="s4" name="Shc" compartment="default" initialAmount="0">
<annotation>
<celldesigner:extension>
<celldesigner:positionToCompartment>inside</celldesigner:positionToCompartment>
<celldesigner:speciesIdentity>
<celldesigner:class>PROTEIN</celldesigner:class>
<celldesigner:proteinReference>pr3</celldesigner:proteinReference>
</celldesigner:speciesIdentity>
</celldesigner:extension>
</annotation>
</species>
<species metaid="s5" id="s5" name="Gab1" compartment="default" initialAmount="0">
<annotation>
<celldesigner:extension>
<celldesigner:positionToCompartment>inside</celldesigner:positionToCompartment>
<celldesigner:speciesIdentity>
<celldesigner:class>PROTEIN</celldesigner:class>
<celldesigner:proteinReference>pr4</celldesigner:proteinReference>
</celldesigner:speciesIdentity>
</celldesigner:extension>
</annotation>
</species>
<species metaid="s39" id="s39" name="Shc@EGFR_Y1148/1173P" compartment="default" initialAmount="0">
<annotation>
<celldesigner:extension>
<celldesigner:positionToCompartment>inside</celldesigner:positionToCompartment>
<celldesigner:speciesIdentity>
<celldesigner:class>COMPLEX</celldesigner:class>
<celldesigner:name>Shc@EGFR_Y1148/1173P</celldesigner:name>
</celldesigner:speciesIdentity>
</celldesigner:extension>
</annotation>
</species>
<species metaid="s42" id="s42" name="Shc@EGFR_Y1148/1173P" compartment="default" initialAmount="0">
<annotation>
<celldesigner:extension>
<celldesigner:positionToCompartment>inside</celldesigner:positionToCompartment>
<celldesigner:speciesIdentity>
<celldesigner:class>COMPLEX</celldesigner:class>
<celldesigner:name>Shc@EGFR_Y1148/1173P</celldesigner:name>
</celldesigner:speciesIdentity>
<celldesigner:listOfCatalyzedReactions>
<celldesigner:catalyzed reaction="re14"/>
</celldesigner:listOfCatalyzedReactions>
</celldesigner:extension>
</annotation>
</species>
<species metaid="s54" id="s54" name="Gab1@EGFR_Y1068/1086P" compartment="default" initialAmount="0">
<annotation>
<celldesigner:extension>
<celldesigner:positionToCompartment>inside</celldesigner:positionToCompartment>
<celldesigner:speciesIdentity>
<celldesigner:class>COMPLEX</celldesigner:class>
<celldesigner:name>Gab1@EGFR_Y1068/1086P</celldesigner:name>
</celldesigner:speciesIdentity>
<celldesigner:listOfCatalyzedReactions>
<celldesigner:catalyzed reaction="re18"/>
</celldesigner:listOfCatalyzedReactions>
</celldesigner:extension>
</annotation>
</species>
<species metaid="s55" id="s55" name="Grb2@EGFR_Y1068/1086P" compartment="default" initialAmount="0">
<annotation>
<celldesigner:extension>
<celldesigner:positionToCompartment>inside</celldesigner:positionToCompartment>
<celldesigner:speciesIdentity>
<celldesigner:class>COMPLEX</celldesigner:class>
<celldesigner:name>Grb2@EGFR_Y1068/1086P</celldesigner:name>
</celldesigner:speciesIdentity>
</celldesigner:extension>
</annotation>
</species>
<species metaid="s56" id="s56" name="Gab1@EGFR_Y1068/1086P" compartment="default" initialAmount="0">
<annotation>
<celldesigner:extension>
<celldesigner:positionToCompartment>inside</celldesigner:positionToCompartment>
<celldesigner:speciesIdentity>
<celldesigner:class>COMPLEX</celldesigner:class>
<celldesigner:name>Gab1@EGFR_Y1068/1086P</celldesigner:name>
</celldesigner:speciesIdentity>
</celldesigner:extension>
</annotation>
</species>
<species metaid="s67" id="s67" name="Shc-mediated downstream signaling" compartment="default" initialAmount="0">
<annotation>
<celldesigner:extension>
<celldesigner:positionToCompartment>inside</celldesigner:positionToCompartment>
<celldesigner:speciesIdentity>
<celldesigner:class>PHENOTYPE</celldesigner:class>
<celldesigner:name>Shc-mediated downstream signaling</celldesigner:name>
</celldesigner:speciesIdentity>
</celldesigner:extension>
</annotation>
</species>
<species metaid="s68" id="s68" name="Grb2-mediated downstream signaling" compartment="default" initialAmount="0">
<annotation>
<celldesigner:extension>
<celldesigner:positionToCompartment>inside</celldesigner:positionToCompartment>
<celldesigner:speciesIdentity>
<celldesigner:class>PHENOTYPE</celldesigner:class>
<celldesigner:name>Grb2-mediated downstream signaling</celldesigner:name>
</celldesigner:speciesIdentity>
</celldesigner:extension>
</annotation>
</species>
<species metaid="s69" id="s69" name="Gab1-mediated downstream signaling" compartment="default" initialAmount="0">
<annotation>
<celldesigner:extension>
<celldesigner:positionToCompartment>inside</celldesigner:positionToCompartment>
<celldesigner:speciesIdentity>
<celldesigner:class>PHENOTYPE</celldesigner:class>
<celldesigner:name>Gab1-mediated downstream signaling</celldesigner:name>
</celldesigner:speciesIdentity>
</celldesigner:extension>
</annotation>
</species>
<species metaid="s85" id="s85" name="Shc@EGFR_Y1148/1173P" compartment="default" initialAmount="0">
<annotation>
<celldesigner:extension>
<celldesigner:positionToCompartment>inside</celldesigner:positionToCompartment>
<celldesigner:speciesIdentity>
<celldesigner:class>COMPLEX</celldesigner:class>
<celldesigner:name>Shc@EGFR_Y1148/1173P</celldesigner:name>
</celldesigner:speciesIdentity>
</celldesigner:extension>
</annotation>
</species>
<species metaid="s86" id="s86" name="Grb2@EGFR_Y1068/1086P" compartment="default" initialAmount="0">
<annotation>
<celldesigner:extension>
<celldesigner:positionToCompartment>inside</celldesigner:positionToCompartment>
<celldesigner:speciesIdentity>
<celldesigner:class>COMPLEX</celldesigner:class>
<celldesigner:name>Grb2@EGFR_Y1068/1086P</celldesigner:name>
</celldesigner:speciesIdentity>
</celldesigner:extension>
</annotation>
</species>
<species metaid="s87" id="s87" name="Grb2@EGFR_Y1068/1086P" compartment="default" initialAmount="0">
<annotation>
<celldesigner:extension>
<celldesigner:positionToCompartment>inside</celldesigner:positionToCompartment>
<celldesigner:speciesIdentity>
<celldesigner:class>COMPLEX</celldesigner:class>
<celldesigner:name>Grb2@EGFR_Y1068/1086P</celldesigner:name>
</celldesigner:speciesIdentity>
<celldesigner:listOfCatalyzedReactions>
<celldesigner:catalyzed reaction="re17"/>
</celldesigner:listOfCatalyzedReactions>
</celldesigner:extension>
</annotation>
</species>
<species metaid="s88" id="s88" name="EGF@EGFR" compartment="default" initialAmount="0">
<annotation>
<celldesigner:extension>
<celldesigner:positionToCompartment>inside</celldesigner:positionToCompartment>
<celldesigner:speciesIdentity>
<celldesigner:class>COMPLEX</celldesigner:class>
<celldesigner:name>EGF@EGFR</celldesigner:name>
</celldesigner:speciesIdentity>
</celldesigner:extension>
</annotation>
</species>
</listOfSpecies>
<listOfReactions>
<reaction metaid="re10" id="re10" reversible="false">
<annotation>
<celldesigner:extension>
<celldesigner:reactionType>HETERODIMER_ASSOCIATION</celldesigner:reactionType>
<celldesigner:baseReactants>
<celldesigner:baseReactant species="s88" alias="csa11">
<celldesigner:linkAnchor position="W"/>
</celldesigner:baseReactant>
<celldesigner:baseReactant species="s4" alias="sa4">
<celldesigner:linkAnchor position="W"/>
</celldesigner:baseReactant>
</celldesigner:baseReactants>
<celldesigner:baseProducts>
<celldesigner:baseProduct species="s42" alias="csa2">
<celldesigner:linkAnchor position="N"/>
</celldesigner:baseProduct>
</celldesigner:baseProducts>
<celldesigner:connectScheme connectPolicy="square">
<celldesigner:listOfLineDirection>
<celldesigner:lineDirection arm="0" index="0" value="vertical"/>
<celldesigner:lineDirection arm="0" index="1" value="horizontal"/>
<celldesigner:lineDirection arm="1" index="0" value="vertical"/>
<celldesigner:lineDirection arm="1" index="1" value="horizontal"/>
<celldesigner:lineDirection arm="2" index="0" value="vertical"/>
<celldesigner:lineDirection arm="2" index="1" value="horizontal"/>
<celldesigner:lineDirection arm="2" index="2" value="vertical"/>
</celldesigner:listOfLineDirection>
</celldesigner:connectScheme>
<celldesigner:editPoints num0="1" num1="1" num2="2" tShapeIndex="1">0.044731518468695164,-0.20671383534775745 1.5819655922522102E-4,-0.012576626458371987 0.33309646473618715,0.008882572392961752 0.3338070705276235,-0.017765144785923948 1.7420561720623189,-0.19538221792782218</celldesigner:editPoints>
<celldesigner:line width="1.0" color="ff000000"/>
</celldesigner:extension>
</annotation>
<listOfReactants>
<speciesReference metaid="CDMT00002" species="s88">
<annotation>
<celldesigner:extension>
<celldesigner:alias>csa11</celldesigner:alias>
</celldesigner:extension>
</annotation>
</speciesReference>
<speciesReference metaid="CDMT00003" species="s4">
<annotation>
<celldesigner:extension>
<celldesigner:alias>sa4</celldesigner:alias>
</celldesigner:extension>
</annotation>
</speciesReference>
</listOfReactants>
<listOfProducts>
<speciesReference metaid="CDMT00004" species="s42">
<annotation>
<celldesigner:extension>
<celldesigner:alias>csa2</celldesigner:alias>
</celldesigner:extension>
</annotation>
</speciesReference>
</listOfProducts>
</reaction>
<reaction metaid="re11" id="re11" reversible="false">
<annotation>
<celldesigner:extension>
<celldesigner:reactionType>HETERODIMER_ASSOCIATION</celldesigner:reactionType>
<celldesigner:baseReactants>
<celldesigner:baseReactant species="s88" alias="csa11">
<celldesigner:linkAnchor position="S"/>
</celldesigner:baseReactant>
<celldesigner:baseReactant species="s3" alias="sa8"/>
</celldesigner:baseReactants>
<celldesigner:baseProducts>
<celldesigner:baseProduct species="s55" alias="csa1">
<celldesigner:linkAnchor position="N"/>
</celldesigner:baseProduct>
</celldesigner:baseProducts>
<celldesigner:connectScheme connectPolicy="direct">
<celldesigner:listOfLineDirection>
<celldesigner:lineDirection arm="0" index="0" value="unknown"/>
<celldesigner:lineDirection arm="1" index="0" value="unknown"/>
<celldesigner:lineDirection arm="2" index="0" value="unknown"/>
<celldesigner:lineDirection arm="2" index="1" value="unknown"/>
</celldesigner:listOfLineDirection>
</celldesigner:connectScheme>
<celldesigner:editPoints num0="0" num1="0" num2="1" tShapeIndex="0">0.764705882352942,3.552713678800501E-15 4.440892098500626E-15,0.4490196078431343</celldesigner:editPoints>
<celldesigner:line width="1.0" color="ff000000"/>
</celldesigner:extension>
</annotation>
<listOfReactants>
<speciesReference metaid="CDMT00005" species="s88">
<annotation>
<celldesigner:extension>
<celldesigner:alias>csa11</celldesigner:alias>
</celldesigner:extension>
</annotation>
</speciesReference>
<speciesReference metaid="CDMT00006" species="s3">
<annotation>
<celldesigner:extension>
<celldesigner:alias>sa8</celldesigner:alias>
</celldesigner:extension>
</annotation>
</speciesReference>
</listOfReactants>
<listOfProducts>
<speciesReference metaid="CDMT00007" species="s55">
<annotation>
<celldesigner:extension>
<celldesigner:alias>csa1</celldesigner:alias>
</celldesigner:extension>
</annotation>
</speciesReference>
</listOfProducts>
</reaction>
<reaction metaid="re12" id="re12" reversible="false">
<annotation>
<celldesigner:extension>
<celldesigner:reactionType>HETERODIMER_ASSOCIATION</celldesigner:reactionType>
<celldesigner:baseReactants>
<celldesigner:baseReactant species="s88" alias="csa11">
<celldesigner:linkAnchor position="E"/>
</celldesigner:baseReactant>
<celldesigner:baseReactant species="s5" alias="sa5">
<celldesigner:linkAnchor position="N"/>
</celldesigner:baseReactant>
</celldesigner:baseReactants>
<celldesigner:baseProducts>
<celldesigner:baseProduct species="s54" alias="csa3">
<celldesigner:linkAnchor position="N"/>
</celldesigner:baseProduct>
</celldesigner:baseProducts>
<celldesigner:connectScheme connectPolicy="square">
<celldesigner:listOfLineDirection>
<celldesigner:lineDirection arm="0" index="0" value="horizontal"/>
<celldesigner:lineDirection arm="0" index="1" value="vertical"/>
<celldesigner:lineDirection arm="0" index="2" value="horizontal"/>
<celldesigner:lineDirection arm="1" index="0" value="vertical"/>
<celldesigner:lineDirection arm="1" index="1" value="horizontal"/>
<celldesigner:lineDirection arm="1" index="2" value="vertical"/>
<celldesigner:lineDirection arm="2" index="0" value="vertical"/>
<celldesigner:lineDirection arm="2" index="1" value="horizontal"/>
<celldesigner:lineDirection arm="2" index="2" value="vertical"/>
</celldesigner:listOfLineDirection>
</celldesigner:connectScheme>
<celldesigner:editPoints num0="2" num1="2" num2="2" tShapeIndex="0">0.30950948634890096,0.0021055067098610936 0.3095557612216453,-0.004696899583538694 0.5833333333333324,0.0 0.5833333333333324,-4.796163466380676E-14 0.005204875560664846,0.007713700471201568 0.6923496526709525,-0.4559422413653509 3.6521605303658173,-1.373647448798402</celldesigner:editPoints>
<celldesigner:line width="1.0" color="ff000000"/>
</celldesigner:extension>
</annotation>
<listOfReactants>
<speciesReference metaid="CDMT00008" species="s88">
<annotation>
<celldesigner:extension>
<celldesigner:alias>csa11</celldesigner:alias>
</celldesigner:extension>
</annotation>
</speciesReference>
<speciesReference metaid="CDMT00009" species="s5">
<annotation>
<celldesigner:extension>
<celldesigner:alias>sa5</celldesigner:alias>
</celldesigner:extension>
</annotation>
</speciesReference>
</listOfReactants>
<listOfProducts>
<speciesReference metaid="CDMT00010" species="s54">
<annotation>
<celldesigner:extension>
<celldesigner:alias>csa3</celldesigner:alias>
</celldesigner:extension>
</annotation>
</speciesReference>
</listOfProducts>
</reaction>
<reaction metaid="re14" id="re14" reversible="false">
<annotation>
<celldesigner:extension>
<celldesigner:reactionType>STATE_TRANSITION</celldesigner:reactionType>
<celldesigner:baseReactants>
<celldesigner:baseReactant species="s42" alias="csa2">
<celldesigner:linkAnchor position="S"/>
</celldesigner:baseReactant>
</celldesigner:baseReactants>
<celldesigner:baseProducts>
<celldesigner:baseProduct species="s39" alias="csa5">
<celldesigner:linkAnchor position="N"/>
</celldesigner:baseProduct>
</celldesigner:baseProducts>
<celldesigner:connectScheme connectPolicy="direct" rectangleIndex="0">
<celldesigner:listOfLineDirection>
<celldesigner:lineDirection index="0" value="unknown"/>
</celldesigner:listOfLineDirection>
</celldesigner:connectScheme>
<celldesigner:line width="1.0" color="ff000000"/>
<celldesigner:listOfModification>
<celldesigner:modification type="CATALYSIS" modifiers="s42" aliases="csa2" targetLineIndex="-1,3" editPoints="0.4994759622580007,0.49999972538436976">
<celldesigner:connectScheme connectPolicy="square">
<celldesigner:listOfLineDirection>
<celldesigner:lineDirection index="0" value="vertical"/>
<celldesigner:lineDirection index="1" value="horizontal"/>
</celldesigner:listOfLineDirection>
</celldesigner:connectScheme>
<celldesigner:linkTarget species="s42" alias="csa2">
<celldesigner:linkAnchor position="SSW"/>
</celldesigner:linkTarget>
<celldesigner:line width="1.0" color="ff000000"/>
</celldesigner:modification>
</celldesigner:listOfModification>
</celldesigner:extension>
</annotation>
<listOfReactants>
<speciesReference metaid="CDMT00011" species="s42">
<annotation>
<celldesigner:extension>
<celldesigner:alias>csa2</celldesigner:alias>
</celldesigner:extension>
</annotation>
</speciesReference>
</listOfReactants>
<listOfProducts>
<speciesReference metaid="CDMT00012" species="s39">
<annotation>
<celldesigner:extension>
<celldesigner:alias>csa5</celldesigner:alias>
</celldesigner:extension>
</annotation>
</speciesReference>
</listOfProducts>
<listOfModifiers>
<modifierSpeciesReference metaid="CDMT00013" species="s42">
<annotation>
<celldesigner:extension>
<celldesigner:alias>csa2</celldesigner:alias>
</celldesigner:extension>
</annotation>
</modifierSpeciesReference>
</listOfModifiers>
</reaction>
<reaction metaid="re16" id="re16" reversible="false">
<annotation>
<celldesigner:extension>
<celldesigner:reactionType>HETERODIMER_ASSOCIATION</celldesigner:reactionType>
<celldesigner:baseReactants>
<celldesigner:baseReactant species="s5" alias="sa5">
<celldesigner:linkAnchor position="S"/>
</celldesigner:baseReactant>
<celldesigner:baseReactant species="s55" alias="csa1">
<celldesigner:linkAnchor position="SSE"/>
</celldesigner:baseReactant>
</celldesigner:baseReactants>
<celldesigner:baseProducts>
<celldesigner:baseProduct species="s87" alias="csa8">
<celldesigner:linkAnchor position="NNW"/>
</celldesigner:baseProduct>
</celldesigner:baseProducts>
<celldesigner:connectScheme connectPolicy="square">
<celldesigner:listOfLineDirection>
<celldesigner:lineDirection arm="0" index="0" value="vertical"/>
<celldesigner:lineDirection arm="0" index="1" value="horizontal"/>
<celldesigner:lineDirection arm="0" index="2" value="vertical"/>
<celldesigner:lineDirection arm="1" index="0" value="horizontal"/>
<celldesigner:lineDirection arm="1" index="1" value="vertical"/>
<celldesigner:lineDirection arm="2" index="0" value="vertical"/>
<celldesigner:lineDirection arm="2" index="1" value="horizontal"/>
<celldesigner:lineDirection arm="2" index="2" value="vertical"/>
</celldesigner:listOfLineDirection>
</celldesigner:connectScheme>
<celldesigner:editPoints num0="2" num1="1" num2="2" tShapeIndex="0">-0.010186372896703239,0.006866369878518519 0.30223345657586853,0.47034633667848835 0.0,-1.4210854715202004E-14 0.29484536082473767,-0.013402061855671832 0.2969072164948443,0.03195876288660138 0.5510132379697588,0.4470042035259425</celldesigner:editPoints>
<celldesigner:line width="1.0" color="ff000000"/>
</celldesigner:extension>
</annotation>
<listOfReactants>
<speciesReference metaid="CDMT00017" species="s5">
<annotation>
<celldesigner:extension>
<celldesigner:alias>sa5</celldesigner:alias>
</celldesigner:extension>
</annotation>
</speciesReference>
<speciesReference metaid="CDMT00018" species="s55">
<annotation>
<celldesigner:extension>
<celldesigner:alias>csa1</celldesigner:alias>
</celldesigner:extension>
</annotation>
</speciesReference>
</listOfReactants>
<listOfProducts>
<speciesReference metaid="CDMT00019" species="s87">
<annotation>
<celldesigner:extension>
<celldesigner:alias>csa8</celldesigner:alias>
</celldesigner:extension>
</annotation>
</speciesReference>
</listOfProducts>
</reaction>
<reaction metaid="re17" id="re17" reversible="false">
<annotation>
<celldesigner:extension>
<celldesigner:reactionType>STATE_TRANSITION</celldesigner:reactionType>
<celldesigner:baseReactants>
<celldesigner:baseReactant species="s87" alias="csa8">
<celldesigner:linkAnchor position="SSE"/>
</celldesigner:baseReactant>
</celldesigner:baseReactants>
<celldesigner:baseProducts>
<celldesigner:baseProduct species="s86" alias="csa10">
<celldesigner:linkAnchor position="NNW"/>
</celldesigner:baseProduct>
</celldesigner:baseProducts>
<celldesigner:connectScheme connectPolicy="direct" rectangleIndex="0">
<celldesigner:listOfLineDirection>
<celldesigner:lineDirection index="0" value="unknown"/>
</celldesigner:listOfLineDirection>
</celldesigner:connectScheme>
<celldesigner:line width="1.0" color="ff000000"/>
<celldesigner:listOfModification>
<celldesigner:modification type="CATALYSIS" modifiers="s87" aliases="csa8" targetLineIndex="-1,6" editPoints="0.22959799808889159,0.4205743184770876">
<celldesigner:connectScheme connectPolicy="square">
<celldesigner:listOfLineDirection>
<celldesigner:lineDirection index="0" value="vertical"/>
<celldesigner:lineDirection index="1" value="horizontal"/>
</celldesigner:listOfLineDirection>
</celldesigner:connectScheme>
<celldesigner:linkTarget species="s87" alias="csa8">
<celldesigner:linkAnchor position="S"/>
</celldesigner:linkTarget>
<celldesigner:line width="1.0" color="ff000000"/>
</celldesigner:modification>
</celldesigner:listOfModification>
</celldesigner:extension>
</annotation>
<listOfReactants>
<speciesReference metaid="CDMT00020" species="s87">
<annotation>
<celldesigner:extension>
<celldesigner:alias>csa8</celldesigner:alias>
</celldesigner:extension>
</annotation>
</speciesReference>
</listOfReactants>
<listOfProducts>
<speciesReference metaid="CDMT00021" species="s86">
<annotation>
<celldesigner:extension>
<celldesigner:alias>csa10</celldesigner:alias>
</celldesigner:extension>
</annotation>
</speciesReference>
</listOfProducts>
<listOfModifiers>
<modifierSpeciesReference metaid="CDMT00022" species="s87">
<annotation>
<celldesigner:extension>
<celldesigner:alias>csa8</celldesigner:alias>
</celldesigner:extension>
</annotation>
</modifierSpeciesReference>
</listOfModifiers>
</reaction>
<reaction metaid="re18" id="re18" reversible="false">
<annotation>
<celldesigner:extension>
<celldesigner:reactionType>STATE_TRANSITION</celldesigner:reactionType>
<celldesigner:baseReactants>
<celldesigner:baseReactant species="s54" alias="csa3">
<celldesigner:linkAnchor position="S"/>
</celldesigner:baseReactant>
</celldesigner:baseReactants>
<celldesigner:baseProducts>
<celldesigner:baseProduct species="s56" alias="csa9">
<celldesigner:linkAnchor position="N"/>
</celldesigner:baseProduct>
</celldesigner:baseProducts>
<celldesigner:connectScheme connectPolicy="direct" rectangleIndex="0">
<celldesigner:listOfLineDirection>
<celldesigner:lineDirection index="0" value="unknown"/>
</celldesigner:listOfLineDirection>
</celldesigner:connectScheme>
<celldesigner:line width="1.0" color="ff000000"/>
<celldesigner:listOfModification>
<celldesigner:modification type="CATALYSIS" modifiers="s54" aliases="csa3" targetLineIndex="-1,2" editPoints="0.3468832334755927,-0.4759782093847491">
<celldesigner:connectScheme connectPolicy="square">
<celldesigner:listOfLineDirection>
<celldesigner:lineDirection index="0" value="vertical"/>
<celldesigner:lineDirection index="1" value="horizontal"/>
</celldesigner:listOfLineDirection>
</celldesigner:connectScheme>
<celldesigner:linkTarget species="s54" alias="csa3">
<celldesigner:linkAnchor position="SSE"/>
</celldesigner:linkTarget>
<celldesigner:line width="1.0" color="ff000000"/>
</celldesigner:modification>
</celldesigner:listOfModification>
</celldesigner:extension>
</annotation>
<listOfReactants>
<speciesReference metaid="CDMT00023" species="s54">
<annotation>
<celldesigner:extension>
<celldesigner:alias>csa3</celldesigner:alias>
</celldesigner:extension>
</annotation>
</speciesReference>
</listOfReactants>
<listOfProducts>
<speciesReference metaid="CDMT00024" species="s56">
<annotation>
<celldesigner:extension>
<celldesigner:alias>csa9</celldesigner:alias>
</celldesigner:extension>
</annotation>
</speciesReference>
</listOfProducts>
<listOfModifiers>
<modifierSpeciesReference metaid="CDMT00014" species="s54">
<annotation>
<celldesigner:extension>
<celldesigner:alias>csa3</celldesigner:alias>
</celldesigner:extension>
</annotation>
</modifierSpeciesReference>
</listOfModifiers>
</reaction>
<reaction metaid="re19" id="re19" reversible="false">
<annotation>
<celldesigner:extension>
<celldesigner:reactionType>CATALYSIS</celldesigner:reactionType>
<celldesigner:baseReactants>
<celldesigner:baseReactant species="s85" alias="csa7">
<celldesigner:linkAnchor position="SSE"/>
</celldesigner:baseReactant>
</celldesigner:baseReactants>
<celldesigner:baseProducts>
<celldesigner:baseProduct species="s68" alias="sa46">
<celldesigner:linkAnchor position="NNW"/>
</celldesigner:baseProduct>
</celldesigner:baseProducts>
<celldesigner:connectScheme connectPolicy="direct">
<celldesigner:listOfLineDirection>
<celldesigner:lineDirection index="0" value="unknown"/>
</celldesigner:listOfLineDirection>
</celldesigner:connectScheme>
<celldesigner:line width="1.0" color="ff000000"/>
</celldesigner:extension>
</annotation>
<listOfReactants>
<speciesReference metaid="CDMT00025" species="s85">
<annotation>
<celldesigner:extension>
<celldesigner:alias>csa7</celldesigner:alias>
</celldesigner:extension>
</annotation>
</speciesReference>
</listOfReactants>
<listOfProducts>
<speciesReference metaid="CDMT00026" species="s68">
<annotation>
<celldesigner:extension>
<celldesigner:alias>sa46</celldesigner:alias>
</celldesigner:extension>
</annotation>
</speciesReference>
</listOfProducts>
</reaction>
<reaction metaid="re20" id="re20" reversible="false">
<annotation>
<celldesigner:extension>
<celldesigner:reactionType>CATALYSIS</celldesigner:reactionType>
<celldesigner:baseReactants>
<celldesigner:baseReactant species="s86" alias="csa10">
<celldesigner:linkAnchor position="SSE"/>
</celldesigner:baseReactant>
</celldesigner:baseReactants>
<celldesigner:baseProducts>
<celldesigner:baseProduct species="s69" alias="sa47">
<celldesigner:linkAnchor position="NNW"/>
</celldesigner:baseProduct>
</celldesigner:baseProducts>
<celldesigner:connectScheme connectPolicy="direct">
<celldesigner:listOfLineDirection>
<celldesigner:lineDirection index="0" value="unknown"/>
</celldesigner:listOfLineDirection>
</celldesigner:connectScheme>
<celldesigner:line width="1.0" color="ff000000"/>
</celldesigner:extension>
</annotation>
<listOfReactants>
<speciesReference metaid="CDMT00027" species="s86">
<annotation>
<celldesigner:extension>
<celldesigner:alias>csa10</celldesigner:alias>
</celldesigner:extension>
</annotation>
</speciesReference>
</listOfReactants>
<listOfProducts>
<speciesReference metaid="CDMT00028" species="s69">
<annotation>
<celldesigner:extension>
<celldesigner:alias>sa47</celldesigner:alias>
</celldesigner:extension>
</annotation>
</speciesReference>
</listOfProducts>
</reaction>
<reaction metaid="re21" id="re21" reversible="false">
<annotation>
<celldesigner:extension>
<celldesigner:reactionType>CATALYSIS</celldesigner:reactionType>
<celldesigner:baseReactants>
<celldesigner:baseReactant species="s39" alias="csa5">
<celldesigner:linkAnchor position="SSW"/>
</celldesigner:baseReactant>
</celldesigner:baseReactants>
<celldesigner:baseProducts>
<celldesigner:baseProduct species="s67" alias="sa45"/>
</celldesigner:baseProducts>
<celldesigner:connectScheme connectPolicy="direct">
<celldesigner:listOfLineDirection>
<celldesigner:lineDirection index="0" value="unknown"/>
</celldesigner:listOfLineDirection>
</celldesigner:connectScheme>
<celldesigner:line width="1.0" color="ff000000"/>
</celldesigner:extension>
</annotation>
<listOfReactants>
<speciesReference metaid="CDMT00029" species="s39">
<annotation>
<celldesigner:extension>
<celldesigner:alias>csa5</celldesigner:alias>
</celldesigner:extension>
</annotation>
</speciesReference>
</listOfReactants>
<listOfProducts>
<speciesReference metaid="CDMT00030" species="s67">
<annotation>
<celldesigner:extension>
<celldesigner:alias>sa45</celldesigner:alias>
</celldesigner:extension>
</annotation>
</speciesReference>
</listOfProducts>
</reaction>
<reaction metaid="re22" id="re22" reversible="false">
<annotation>
<celldesigner:extension>
<celldesigner:reactionType>CATALYSIS</celldesigner:reactionType>
<celldesigner:baseReactants>
<celldesigner:baseReactant species="s55" alias="csa1">
<celldesigner:linkAnchor position="SSW"/>
</celldesigner:baseReactant>
</celldesigner:baseReactants>
<celldesigner:baseProducts>
<celldesigner:baseProduct species="s68" alias="sa46">
<celldesigner:linkAnchor position="N"/>
</celldesigner:baseProduct>
</celldesigner:baseProducts>
<celldesigner:connectScheme connectPolicy="direct">
<celldesigner:listOfLineDirection>
<celldesigner:lineDirection index="0" value="unknown"/>
</celldesigner:listOfLineDirection>
</celldesigner:connectScheme>
<celldesigner:line width="1.0" color="ff000000"/>
</celldesigner:extension>
</annotation>
<listOfReactants>
<speciesReference metaid="CDMT00031" species="s55">
<annotation>
<celldesigner:extension>
<celldesigner:alias>csa1</celldesigner:alias>
</celldesigner:extension>
</annotation>
</speciesReference>
</listOfReactants>
<listOfProducts>
<speciesReference metaid="CDMT00032" species="s68">
<annotation>
<celldesigner:extension>
<celldesigner:alias>sa46</celldesigner:alias>
</celldesigner:extension>
</annotation>
</speciesReference>
</listOfProducts>
</reaction>
<reaction metaid="re23" id="re23" reversible="false">
<annotation>
<celldesigner:extension>
<celldesigner:reactionType>CATALYSIS</celldesigner:reactionType>
<celldesigner:baseReactants>
<celldesigner:baseReactant species="s56" alias="csa9">
<celldesigner:linkAnchor position="S"/>
</celldesigner:baseReactant>
</celldesigner:baseReactants>
<celldesigner:baseProducts>
<celldesigner:baseProduct species="s69" alias="sa47">
<celldesigner:linkAnchor position="N"/>
</celldesigner:baseProduct>
</celldesigner:baseProducts>
<celldesigner:connectScheme connectPolicy="direct">
<celldesigner:listOfLineDirection>
<celldesigner:lineDirection index="0" value="unknown"/>
</celldesigner:listOfLineDirection>
</celldesigner:connectScheme>
<celldesigner:line width="1.0" color="ff000000"/>
</celldesigner:extension>
</annotation>
<listOfReactants>
<speciesReference metaid="CDMT00033" species="s56">
<annotation>
<celldesigner:extension>
<celldesigner:alias>csa9</celldesigner:alias>
</celldesigner:extension>
</annotation>
</speciesReference>
</listOfReactants>
<listOfProducts>
<speciesReference metaid="CDMT00034" species="s69">
<annotation>
<celldesigner:extension>
<celldesigner:alias>sa47</celldesigner:alias>
</celldesigner:extension>
</annotation>
</speciesReference>
</listOfProducts>
</reaction>
<reaction metaid="re24" id="re24" reversible="false">
<annotation>
<celldesigner:extension>
<celldesigner:reactionType>HETERODIMER_ASSOCIATION</celldesigner:reactionType>
<celldesigner:baseReactants>
<celldesigner:baseReactant species="s3" alias="sa8">
<celldesigner:linkAnchor position="S"/>
</celldesigner:baseReactant>
<celldesigner:baseReactant species="s39" alias="csa5">
<celldesigner:linkAnchor position="SSE"/>
</celldesigner:baseReactant>
</celldesigner:baseReactants>
<celldesigner:baseProducts>
<celldesigner:baseProduct species="s85" alias="csa7">
<celldesigner:linkAnchor position="NNW"/>
</celldesigner:baseProduct>
</celldesigner:baseProducts>
<celldesigner:connectScheme connectPolicy="square">
<celldesigner:listOfLineDirection>
<celldesigner:lineDirection arm="0" index="0" value="vertical"/>
<celldesigner:lineDirection arm="0" index="1" value="horizontal"/>
<celldesigner:lineDirection arm="0" index="2" value="vertical"/>
<celldesigner:lineDirection arm="1" index="0" value="horizontal"/>
<celldesigner:lineDirection arm="1" index="1" value="vertical"/>
<celldesigner:lineDirection arm="2" index="0" value="vertical"/>
<celldesigner:lineDirection arm="2" index="1" value="horizontal"/>
<celldesigner:lineDirection arm="2" index="2" value="vertical"/>
</celldesigner:listOfLineDirection>
</celldesigner:connectScheme>
<celldesigner:editPoints num0="2" num1="1" num2="2" tShapeIndex="0">-0.03432076440974119,0.013049214014178911 0.09198273913490085,0.34524031644919373 0.001910405863775111,-0.043666419743450646 0.4249491637963221,-0.004647881479021176 0.4250687783932108,0.006288310236323813 0.5357080220850925,0.43733517375771447</celldesigner:editPoints>
<celldesigner:line width="1.0" color="ff000000"/>
</celldesigner:extension>
</annotation>
<listOfReactants>
<speciesReference metaid="CDMT00015" species="s3">
<annotation>
<celldesigner:extension>
<celldesigner:alias>sa8</celldesigner:alias>
</celldesigner:extension>
</annotation>
</speciesReference>
<speciesReference metaid="CDMT00016" species="s39">
<annotation>
<celldesigner:extension>
<celldesigner:alias>csa5</celldesigner:alias>
</celldesigner:extension>
</annotation>
</speciesReference>
</listOfReactants>
<listOfProducts>
<speciesReference metaid="CDMT00035" species="s85">
<annotation>
<celldesigner:extension>
<celldesigner:alias>csa7</celldesigner:alias>
</celldesigner:extension>
</annotation>
</speciesReference>
</listOfProducts>
</reaction>
</listOfReactions>
</model>
</sbml>
