<?xml version="1.0" encoding="UTF-8"?>
<sbml xmlns="http://www.sbml.org/sbml/level2/version4" xmlns:celldesigner="http://www.sbml.org/2001/ns/celldesigner" level="2" version="4">
<model metaid="untitled" id="ErbB2">
<annotation>
<celldesigner:extension>
<celldesigner:modelVersion>4.0</celldesigner:modelVersion>
<celldesigner:modelDisplay sizeX="1200" sizeY="600"/>
<celldesigner:listOfIncludedSpecies>
<celldesigner:species id="s74" name="Shc@EGFR_Y1148/1173P">
<celldesigner:notes>
<html xmlns="http://www.w3.org/1999/xhtml">
<body/>
</html>
</celldesigner:notes>
<celldesigner:annotation>
<celldesigner:complexSpecies>s90</celldesigner:complexSpecies>
<celldesigner:speciesIdentity>
<celldesigner:class>PROTEIN</celldesigner:class>
<celldesigner:proteinReference>pr3</celldesigner:proteinReference>
<celldesigner:state>
<celldesigner:listOfModifications>
<celldesigner:modification residue="rs1" state="phosphorylated"/>
</celldesigner:listOfModifications>
</celldesigner:state>
</celldesigner:speciesIdentity>
</celldesigner:annotation>
</celldesigner:species>
<celldesigner:species id="s75" name="Grb2">
<celldesigner:notes>
<html xmlns="http://www.w3.org/1999/xhtml">
<body/>
</html>
</celldesigner:notes>
<celldesigner:annotation>
<celldesigner:complexSpecies>s90</celldesigner:complexSpecies>
<celldesigner:speciesIdentity>
<celldesigner:class>PROTEIN</celldesigner:class>
<celldesigner:proteinReference>pr6</celldesigner:proteinReference>
</celldesigner:speciesIdentity>
</celldesigner:annotation>
</celldesigner:species>
<celldesigner:species id="s77" name="Gab1">
<celldesigner:notes>
<html xmlns="http://www.w3.org/1999/xhtml">
<body/>
</html>
</celldesigner:notes>
<celldesigner:annotation>
<celldesigner:complexSpecies>s91</celldesigner:complexSpecies>
<celldesigner:speciesIdentity>
<celldesigner:class>PROTEIN</celldesigner:class>
<celldesigner:proteinReference>pr7</celldesigner:proteinReference>
</celldesigner:speciesIdentity>
</celldesigner:annotation>
</celldesigner:species>
<celldesigner:species id="s81" name="Grb2@EGFR_Y1068/1086P">
<celldesigner:notes>
<html xmlns="http://www.w3.org/1999/xhtml">
<body/>
</html>
</celldesigner:notes>
<celldesigner:annotation>
<celldesigner:complexSpecies>s92</celldesigner:complexSpecies>
<celldesigner:speciesIdentity>
<celldesigner:class>PROTEIN</celldesigner:class>
<celldesigner:proteinReference>pr2</celldesigner:proteinReference>
</celldesigner:speciesIdentity>
</celldesigner:annotation>
</celldesigner:species>
<celldesigner:species id="s78" name="Grb2@EGFR_Y1068/1086P">
<celldesigner:notes>
<html xmlns="http://www.w3.org/1999/xhtml">
<body/>
</html>
</celldesigner:notes>
<celldesigner:annotation>
<celldesigner:complexSpecies>s91</celldesigner:complexSpecies>
<celldesigner:speciesIdentity>
<celldesigner:class>PROTEIN</celldesigner:class>
<celldesigner:proteinReference>pr2</celldesigner:proteinReference>
</celldesigner:speciesIdentity>
</celldesigner:annotation>
</celldesigner:species>
<celldesigner:species id="s1" name="EGFR">
<celldesigner:notes>
<html xmlns="http://www.w3.org/1999/xhtml">
<body/>
</html>
</celldesigner:notes>
<celldesigner:annotation>
<celldesigner:complexSpecies>s89</celldesigner:complexSpecies>
<celldesigner:speciesIdentity>
<celldesigner:class>PROTEIN</celldesigner:class>
<celldesigner:proteinReference>pr1</celldesigner:proteinReference>
<celldesigner:state>
<celldesigner:homodimer>2</celldesigner:homodimer>
<celldesigner:listOfModifications>
<celldesigner:modification residue="rs1" state="phosphorylated"/>
<celldesigner:modification residue="rs2" state="phosphorylated"/>
<celldesigner:modification residue="rs3" state="phosphorylated"/>
<celldesigner:modification residue="rs4" state="phosphorylated"/>
<celldesigner:modification residue="rs5" state="phosphorylated"/>
<celldesigner:modification residue="rs6" state="phosphorylated"/>
</celldesigner:listOfModifications>
</celldesigner:state>
</celldesigner:speciesIdentity>
</celldesigner:annotation>
</celldesigner:species>
<celldesigner:species id="s84" name="EGF">
<celldesigner:notes>
<html xmlns="http://www.w3.org/1999/xhtml">
<body/>
</html>
</celldesigner:notes>
<celldesigner:annotation>
<celldesigner:complexSpecies>s89</celldesigner:complexSpecies>
<celldesigner:speciesIdentity>
<celldesigner:class>PROTEIN</celldesigner:class>
<celldesigner:proteinReference>pr8</celldesigner:proteinReference>
</celldesigner:speciesIdentity>
</celldesigner:annotation>
</celldesigner:species>
<celldesigner:species id="s86" name="Gab1">
<celldesigner:notes>
<html xmlns="http://www.w3.org/1999/xhtml">
<body/>
</html>
</celldesigner:notes>
<celldesigner:annotation>
<celldesigner:complexSpecies>s92</celldesigner:complexSpecies>
<celldesigner:speciesIdentity>
<celldesigner:class>PROTEIN</celldesigner:class>
<celldesigner:proteinReference>pr7</celldesigner:proteinReference>
<celldesigner:state>
<celldesigner:listOfModifications>
<celldesigner:modification residue="rs1" state="phosphorylated"/>
<celldesigner:modification residue="rs2" state="phosphorylated"/>
<celldesigner:modification residue="rs3" state="phosphorylated"/>
</celldesigner:listOfModifications>
</celldesigner:state>
</celldesigner:speciesIdentity>
</celldesigner:annotation>
</celldesigner:species>
</celldesigner:listOfIncludedSpecies>
<celldesigner:listOfCompartmentAliases/>
<celldesigner:listOfComplexSpeciesAliases>
<celldesigner:complexSpeciesAlias id="csa4" species="s89">
<celldesigner:activity>inactive</celldesigner:activity>
<celldesigner:bounds x="485.5" y="5.0" w="150.0" h="190.0"/>
<celldesigner:font size="12"/>
<celldesigner:view state="usual"/>
<celldesigner:backupSize w="0.0" h="0.0"/>
<celldesigner:backupView state="none"/>
<celldesigner:usualView>
<celldesigner:innerPosition x="0.0" y="0.0"/>
<celldesigner:boxSize width="150.0" height="190.0"/>
<celldesigner:singleLine width="2.0"/>
<celldesigner:paint color="fff7f7f7" scheme="Color"/>
</celldesigner:usualView>
<celldesigner:briefView>
<celldesigner:innerPosition x="0.0" y="0.0"/>
<celldesigner:boxSize width="80.0" height="60.0"/>
<celldesigner:singleLine width="2.0"/>
<celldesigner:paint color="fff7f7f7" scheme="Color"/>
</celldesigner:briefView>
<celldesigner:info state="empty" angle="-1.5707963267948966"/>
</celldesigner:complexSpeciesAlias>
<celldesigner:complexSpeciesAlias id="csa2" species="s91">
<celldesigner:activity>inactive</celldesigner:activity>
<celldesigner:bounds x="683.0" y="342.0" w="153.0" h="140.0"/>
<celldesigner:font size="12"/>
<celldesigner:view state="usual"/>
<celldesigner:backupSize w="0.0" h="0.0"/>
<celldesigner:backupView state="none"/>
<celldesigner:usualView>
<celldesigner:innerPosition x="0.0" y="0.0"/>
<celldesigner:boxSize width="153.0" height="140.0"/>
<celldesigner:singleLine width="2.0"/>
<celldesigner:paint color="fff7f7f7" scheme="Color"/>
</celldesigner:usualView>
<celldesigner:briefView>
<celldesigner:innerPosition x="0.0" y="0.0"/>
<celldesigner:boxSize width="80.0" height="60.0"/>
<celldesigner:singleLine width="2.0"/>
<celldesigner:paint color="fff7f7f7" scheme="Color"/>
</celldesigner:briefView>
<celldesigner:info state="empty" angle="-1.5707963267948966"/>
</celldesigner:complexSpeciesAlias>
<celldesigner:complexSpeciesAlias id="csa3" species="s92">
<celldesigner:activity>inactive</celldesigner:activity>
<celldesigner:bounds x="921.0" y="344.0" w="153.0" h="140.0"/>
<celldesigner:font size="12"/>
<celldesigner:view state="usual"/>
<celldesigner:backupSize w="0.0" h="0.0"/>
<celldesigner:backupView state="none"/>
<celldesigner:usualView>
<celldesigner:innerPosition x="0.0" y="0.0"/>
<celldesigner:boxSize width="153.0" height="140.0"/>
<celldesigner:singleLine width="2.0"/>
<celldesigner:paint color="fff7f7f7" scheme="Color"/>
</celldesigner:usualView>
<celldesigner:briefView>
<celldesigner:innerPosition x="0.0" y="0.0"/>
<celldesigner:boxSize width="80.0" height="60.0"/>
<celldesigner:singleLine width="2.0"/>
<celldesigner:paint color="fff7f7f7" scheme="Color"/>
</celldesigner:briefView>
<celldesigner:info state="empty" angle="-1.5707963267948966"/>
</celldesigner:complexSpeciesAlias>
<celldesigner:complexSpeciesAlias id="csa1" species="s90">
<celldesigner:activity>inactive</celldesigner:activity>
<celldesigner:bounds x="384.0" y="343.0" w="150.0" h="140.0"/>
<celldesigner:font size="12"/>
<celldesigner:view state="usual"/>
<celldesigner:backupSize w="0.0" h="0.0"/>
<celldesigner:backupView state="none"/>
<celldesigner:usualView>
<celldesigner:innerPosition x="0.0" y="0.0"/>
<celldesigner:boxSize width="150.0" height="140.0"/>
<celldesigner:singleLine width="2.0"/>
<celldesigner:paint color="fff7f7f7" scheme="Color"/>
</celldesigner:usualView>
<celldesigner:briefView>
<celldesigner:innerPosition x="0.0" y="0.0"/>
<celldesigner:boxSize width="80.0" height="60.0"/>
<celldesigner:singleLine width="2.0"/>
<celldesigner:paint color="fff7f7f7" scheme="Color"/>
</celldesigner:briefView>
<celldesigner:info state="empty" angle="-1.5707963267948966"/>
</celldesigner:complexSpeciesAlias>
</celldesigner:listOfComplexSpeciesAliases>
<celldesigner:listOfSpeciesAliases>
<celldesigner:speciesAlias id="sa28" species="s41">
<celldesigner:activity>inactive</celldesigner:activity>
<celldesigner:bounds x="201.5" y="223.9375" w="100.0" h="50.0"/>
<celldesigner:font size="12"/>
<celldesigner:view state="usual"/>
<celldesigner:usualView>
<celldesigner:innerPosition x="0.0" y="0.0"/>
<celldesigner:boxSize width="100.0" height="50.0"/>
<celldesigner:singleLine width="1.0"/>
<celldesigner:paint color="ffccffcc" scheme="Color"/>
</celldesigner:usualView>
<celldesigner:briefView>
<celldesigner:innerPosition x="0.0" y="0.0"/>
<celldesigner:boxSize width="80.0" height="60.0"/>
<celldesigner:singleLine width="1.0"/>
<celldesigner:paint color="3fff0000" scheme="Color"/>
</celldesigner:briefView>
<celldesigner:info state="empty" angle="-1.5707963267948966"/>
</celldesigner:speciesAlias>
<celldesigner:speciesAlias id="sa39" species="s58">
<celldesigner:activity>inactive</celldesigner:activity>
<celldesigner:bounds x="1025.125" y="224.9375" w="100.0" h="50.0"/>
<celldesigner:font size="12"/>
<celldesigner:view state="usual"/>
<celldesigner:usualView>
<celldesigner:innerPosition x="0.0" y="0.0"/>
<celldesigner:boxSize width="100.0" height="50.0"/>
<celldesigner:singleLine width="1.0"/>
<celldesigner:paint color="ffccffcc" scheme="Color"/>
</celldesigner:usualView>
<celldesigner:briefView>
<celldesigner:innerPosition x="0.0" y="0.0"/>
<celldesigner:boxSize width="80.0" height="60.0"/>
<celldesigner:singleLine width="1.0"/>
<celldesigner:paint color="3fff0000" scheme="Color"/>
</celldesigner:briefView>
<celldesigner:info state="empty" angle="-1.5707963267948966"/>
</celldesigner:speciesAlias>
<celldesigner:speciesAlias id="sa47" species="s69">
<celldesigner:activity>inactive</celldesigner:activity>
<celldesigner:bounds x="899.5" y="551.0" w="280.0" h="35.0"/>
<celldesigner:font size="16"/>
<celldesigner:view state="usual"/>
<celldesigner:usualView>
<celldesigner:innerPosition x="0.0" y="0.0"/>
<celldesigner:boxSize width="280.0" height="35.0"/>
<celldesigner:singleLine width="1.0"/>
<celldesigner:paint color="ffcc99ff" scheme="Color"/>
</celldesigner:usualView>
<celldesigner:briefView>
<celldesigner:innerPosition x="0.0" y="0.0"/>
<celldesigner:boxSize width="80.0" height="60.0"/>
<celldesigner:singleLine width="1.0"/>
<celldesigner:paint color="3fff0000" scheme="Color"/>
</celldesigner:briefView>
<celldesigner:info state="empty" angle="-1.5707963267948966"/>
</celldesigner:speciesAlias>
<celldesigner:speciesAlias id="sa46" species="s68">
<celldesigner:activity>inactive</celldesigner:activity>
<celldesigner:bounds x="459.5" y="551.0" w="280.0" h="35.0"/>
<celldesigner:font size="16"/>
<celldesigner:view state="usual"/>
<celldesigner:usualView>
<celldesigner:innerPosition x="0.0" y="0.0"/>
<celldesigner:boxSize width="280.0" height="35.0"/>
<celldesigner:singleLine width="1.0"/>
<celldesigner:paint color="ffcc99ff" scheme="Color"/>
</celldesigner:usualView>
<celldesigner:briefView>
<celldesigner:innerPosition x="0.0" y="0.0"/>
<celldesigner:boxSize width="80.0" height="60.0"/>
<celldesigner:singleLine width="1.0"/>
<celldesigner:paint color="3fff0000" scheme="Color"/>
</celldesigner:briefView>
<celldesigner:info state="empty" angle="-1.5707963267948966"/>
</celldesigner:speciesAlias>
<celldesigner:speciesAlias id="sa45" species="s67">
<celldesigner:activity>inactive</celldesigner:activity>
<celldesigner:bounds x="111.0" y="551.0" w="280.0" h="35.0"/>
<celldesigner:font size="16"/>
<celldesigner:view state="usual"/>
<celldesigner:usualView>
<celldesigner:innerPosition x="0.0" y="0.0"/>
<celldesigner:boxSize width="280.0" height="35.0"/>
<celldesigner:singleLine width="1.0"/>
<celldesigner:paint color="ffcc99ff" scheme="Color"/>
</celldesigner:usualView>
<celldesigner:briefView>
<celldesigner:innerPosition x="0.0" y="0.0"/>
<celldesigner:boxSize width="80.0" height="60.0"/>
<celldesigner:singleLine width="1.0"/>
<celldesigner:paint color="3fff0000" scheme="Color"/>
</celldesigner:briefView>
<celldesigner:info state="empty" angle="-1.5707963267948966"/>
</celldesigner:speciesAlias>
<celldesigner:speciesAlias id="sa48" species="s3">
<celldesigner:activity>inactive</celldesigner:activity>
<celldesigner:bounds x="610.5" y="224.9375" w="100.0" h="50.0"/>
<celldesigner:font size="12"/>
<celldesigner:view state="usual"/>
<celldesigner:usualView>
<celldesigner:innerPosition x="0.0" y="0.0"/>
<celldesigner:boxSize width="100.0" height="50.0"/>
<celldesigner:singleLine width="1.0"/>
<celldesigner:paint color="ffccffcc" scheme="Color"/>
</celldesigner:usualView>
<celldesigner:briefView>
<celldesigner:innerPosition x="0.0" y="0.0"/>
<celldesigner:boxSize width="80.0" height="60.0"/>
<celldesigner:singleLine width="1.0"/>
<celldesigner:paint color="3fff0000" scheme="Color"/>
</celldesigner:briefView>
<celldesigner:info state="empty" angle="-1.5707963267948966"/>
</celldesigner:speciesAlias>
<celldesigner:speciesAlias id="sa49" species="s70">
<celldesigner:activity>inactive</celldesigner:activity>
<celldesigner:bounds x="11.0" y="224.9375" w="100.0" h="50.0"/>
<celldesigner:font size="18"/>
<celldesigner:view state="usual"/>
<celldesigner:usualView>
<celldesigner:innerPosition x="0.0" y="0.0"/>
<celldesigner:boxSize width="100.0" height="50.0"/>
<celldesigner:singleLine width="1.0"/>
<celldesigner:paint color="ffccffcc" scheme="Color"/>
</celldesigner:usualView>
<celldesigner:briefView>
<celldesigner:innerPosition x="0.0" y="0.0"/>
<celldesigner:boxSize width="80.0" height="60.0"/>
<celldesigner:singleLine width="1.0"/>
<celldesigner:paint color="3fff0000" scheme="Color"/>
</celldesigner:briefView>
<celldesigner:info state="empty" angle="-1.5707963267948966"/>
</celldesigner:speciesAlias>
<celldesigner:speciesAlias id="sa50" species="s71">
<celldesigner:activity>inactive</celldesigner:activity>
<celldesigner:bounds x="409.0" y="224.9375" w="100.0" h="50.0"/>
<celldesigner:font size="18"/>
<celldesigner:view state="usual"/>
<celldesigner:usualView>
<celldesigner:innerPosition x="0.0" y="0.0"/>
<celldesigner:boxSize width="100.0" height="50.0"/>
<celldesigner:singleLine width="1.0"/>
<celldesigner:paint color="ffccffcc" scheme="Color"/>
</celldesigner:usualView>
<celldesigner:briefView>
<celldesigner:innerPosition x="0.0" y="0.0"/>
<celldesigner:boxSize width="80.0" height="60.0"/>
<celldesigner:singleLine width="1.0"/>
<celldesigner:paint color="3fff0000" scheme="Color"/>
</celldesigner:briefView>
<celldesigner:info state="empty" angle="-1.5707963267948966"/>
</celldesigner:speciesAlias>
<celldesigner:speciesAlias id="sa51" species="s72">
<celldesigner:activity>inactive</celldesigner:activity>
<celldesigner:bounds x="826.0" y="224.9375" w="100.0" h="50.0"/>
<celldesigner:font size="18"/>
<celldesigner:view state="usual"/>
<celldesigner:usualView>
<celldesigner:innerPosition x="0.0" y="0.0"/>
<celldesigner:boxSize width="100.0" height="50.0"/>
<celldesigner:singleLine width="1.0"/>
<celldesigner:paint color="ffccffcc" scheme="Color"/>
</celldesigner:usualView>
<celldesigner:briefView>
<celldesigner:innerPosition x="0.0" y="0.0"/>
<celldesigner:boxSize width="80.0" height="60.0"/>
<celldesigner:singleLine width="1.0"/>
<celldesigner:paint color="3fff0000" scheme="Color"/>
</celldesigner:briefView>
<celldesigner:info state="empty" angle="-1.5707963267948966"/>
</celldesigner:speciesAlias>
<celldesigner:speciesAlias id="sa52" species="s74" complexSpeciesAlias="csa1">
<celldesigner:activity>inactive</celldesigner:activity>
<celldesigner:bounds x="409.75" y="353.5" w="100.0" h="50.0"/>
<celldesigner:font size="12"/>
<celldesigner:view state="usual"/>
<celldesigner:usualView>
<celldesigner:innerPosition x="25.75" y="10.5"/>
<celldesigner:boxSize width="100.0" height="50.0"/>
<celldesigner:singleLine width="1.0"/>
<celldesigner:paint color="ffccffcc" scheme="Color"/>
</celldesigner:usualView>
<celldesigner:briefView>
<celldesigner:innerPosition x="0.0" y="0.0"/>
<celldesigner:boxSize width="80.0" height="60.0"/>
<celldesigner:singleLine width="1.0"/>
<celldesigner:paint color="3fff0000" scheme="Color"/>
</celldesigner:briefView>
<celldesigner:info state="empty" angle="-1.5707963267948966"/>
</celldesigner:speciesAlias>
<celldesigner:speciesAlias id="sa53" species="s75" complexSpeciesAlias="csa1">
<celldesigner:activity>inactive</celldesigner:activity>
<celldesigner:bounds x="409.25" y="405.5" w="100.0" h="50.0"/>
<celldesigner:font size="18"/>
<celldesigner:view state="usual"/>
<celldesigner:usualView>
<celldesigner:innerPosition x="25.25" y="62.5"/>
<celldesigner:boxSize width="100.0" height="50.0"/>
<celldesigner:singleLine width="1.0"/>
<celldesigner:paint color="ffccffcc" scheme="Color"/>
</celldesigner:usualView>
<celldesigner:briefView>
<celldesigner:innerPosition x="0.0" y="0.0"/>
<celldesigner:boxSize width="80.0" height="60.0"/>
<celldesigner:singleLine width="1.0"/>
<celldesigner:paint color="3fff0000" scheme="Color"/>
</celldesigner:briefView>
<celldesigner:info state="empty" angle="-1.5707963267948966"/>
</celldesigner:speciesAlias>
<celldesigner:speciesAlias id="sa54" species="s78" complexSpeciesAlias="csa2">
<celldesigner:activity>inactive</celldesigner:activity>
<celldesigner:bounds x="708.5" y="348.0" w="100.0" h="50.0"/>
<celldesigner:font size="12"/>
<celldesigner:view state="usual"/>
<celldesigner:usualView>
<celldesigner:innerPosition x="25.5" y="6.0"/>
<celldesigner:boxSize width="100.0" height="50.0"/>
<celldesigner:singleLine width="1.0"/>
<celldesigner:paint color="ffccffcc" scheme="Color"/>
</celldesigner:usualView>
<celldesigner:briefView>
<celldesigner:innerPosition x="0.0" y="0.0"/>
<celldesigner:boxSize width="80.0" height="60.0"/>
<celldesigner:singleLine width="1.0"/>
<celldesigner:paint color="3fff0000" scheme="Color"/>
</celldesigner:briefView>
<celldesigner:info state="empty" angle="-1.5707963267948966"/>
</celldesigner:speciesAlias>
<celldesigner:speciesAlias id="sa55" species="s77" complexSpeciesAlias="csa2">
<celldesigner:activity>inactive</celldesigner:activity>
<celldesigner:bounds x="706.0" y="403.0" w="100.0" h="50.0"/>
<celldesigner:font size="18"/>
<celldesigner:view state="usual"/>
<celldesigner:usualView>
<celldesigner:innerPosition x="23.0" y="61.0"/>
<celldesigner:boxSize width="100.0" height="50.0"/>
<celldesigner:singleLine width="1.0"/>
<celldesigner:paint color="ffccffcc" scheme="Color"/>
</celldesigner:usualView>
<celldesigner:briefView>
<celldesigner:innerPosition x="0.0" y="0.0"/>
<celldesigner:boxSize width="80.0" height="60.0"/>
<celldesigner:singleLine width="1.0"/>
<celldesigner:paint color="3fff0000" scheme="Color"/>
</celldesigner:briefView>
<celldesigner:info state="empty" angle="-1.5707963267948966"/>
</celldesigner:speciesAlias>
<celldesigner:speciesAlias id="sa56" species="s81" complexSpeciesAlias="csa3">
<celldesigner:activity>inactive</celldesigner:activity>
<celldesigner:bounds x="950.4375" y="349.0" w="100.0" h="50.0"/>
<celldesigner:font size="12"/>
<celldesigner:view state="usual"/>
<celldesigner:usualView>
<celldesigner:innerPosition x="29.4375" y="5.0"/>
<celldesigner:boxSize width="100.0" height="50.0"/>
<celldesigner:singleLine width="1.0"/>
<celldesigner:paint color="ffccffcc" scheme="Color"/>
</celldesigner:usualView>
<celldesigner:briefView>
<celldesigner:innerPosition x="0.0" y="0.0"/>
<celldesigner:boxSize width="80.0" height="60.0"/>
<celldesigner:singleLine width="1.0"/>
<celldesigner:paint color="3fff0000" scheme="Color"/>
</celldesigner:briefView>
<celldesigner:info state="empty" angle="-1.5707963267948966"/>
</celldesigner:speciesAlias>
<celldesigner:speciesAlias id="sa58" species="s1" complexSpeciesAlias="csa4">
<celldesigner:activity>active</celldesigner:activity>
<celldesigner:bounds x="512.5" y="63.0" w="80.0" h="100.0"/>
<celldesigner:font size="20"/>
<celldesigner:view state="usual"/>
<celldesigner:usualView>
<celldesigner:innerPosition x="27.0" y="58.0"/>
<celldesigner:boxSize width="80.0" height="100.0"/>
<celldesigner:singleLine width="1.0"/>
<celldesigner:paint color="ffffffcc" scheme="Color"/>
</celldesigner:usualView>
<celldesigner:briefView>
<celldesigner:innerPosition x="0.0" y="0.0"/>
<celldesigner:boxSize width="80.0" height="60.0"/>
<celldesigner:singleLine width="1.0"/>
<celldesigner:paint color="3fff0000" scheme="Color"/>
</celldesigner:briefView>
<celldesigner:info state="empty" angle="-1.5707963267948966"/>
</celldesigner:speciesAlias>
<celldesigner:speciesAlias id="sa59" species="s84" complexSpeciesAlias="csa4">
<celldesigner:activity>inactive</celldesigner:activity>
<celldesigner:bounds x="512.5" y="12.0" w="80.0" h="40.0"/>
<celldesigner:font size="18"/>
<celldesigner:view state="usual"/>
<celldesigner:usualView>
<celldesigner:innerPosition x="27.0" y="7.0"/>
<celldesigner:boxSize width="80.0" height="40.0"/>
<celldesigner:singleLine width="1.0"/>
<celldesigner:paint color="ffccffcc" scheme="Color"/>
</celldesigner:usualView>
<celldesigner:briefView>
<celldesigner:innerPosition x="0.0" y="0.0"/>
<celldesigner:boxSize width="80.0" height="60.0"/>
<celldesigner:singleLine width="1.0"/>
<celldesigner:paint color="3fff0000" scheme="Color"/>
</celldesigner:briefView>
<celldesigner:info state="empty" angle="-1.5707963267948966"/>
</celldesigner:speciesAlias>
<celldesigner:speciesAlias id="sa60" species="s86" complexSpeciesAlias="csa3">
<celldesigner:activity>inactive</celldesigner:activity>
<celldesigner:bounds x="950.25" y="405.0" w="100.0" h="50.0"/>
<celldesigner:font size="18"/>
<celldesigner:view state="usual"/>
<celldesigner:usualView>
<celldesigner:innerPosition x="29.25" y="61.0"/>
<celldesigner:boxSize width="100.0" height="50.0"/>
<celldesigner:singleLine width="1.0"/>
<celldesigner:paint color="ffccffcc" scheme="Color"/>
</celldesigner:usualView>
<celldesigner:briefView>
<celldesigner:innerPosition x="0.0" y="0.0"/>
<celldesigner:boxSize width="80.0" height="60.0"/>
<celldesigner:singleLine width="1.0"/>
<celldesigner:paint color="3fff0000" scheme="Color"/>
</celldesigner:briefView>
<celldesigner:info state="empty" angle="-1.5707963267948966"/>
</celldesigner:speciesAlias>
</celldesigner:listOfSpeciesAliases>
<celldesigner:listOfGroups/>
<celldesigner:listOfProteins>
<celldesigner:protein id="pr2" name="Grb2@EGFR_Y1068/1086P" type="GENERIC"/>
<celldesigner:protein id="pr3" name="Shc@EGFR_Y1148/1173P" type="GENERIC">
<celldesigner:listOfModificationResidues>
<celldesigner:modificationResidue angle="0.7629582158718069" id="rs1" name="Y317" side="none"/>
</celldesigner:listOfModificationResidues>
</celldesigner:protein>
<celldesigner:protein id="pr4" name="Gab1@EGFR_Y1068/1086P" type="GENERIC">
<celldesigner:listOfModificationResidues>
<celldesigner:modificationResidue angle="3.8282550478744195" id="rs1" name="Y446" side="none"/>
<celldesigner:modificationResidue angle="4.703648460283287" id="rs2" name="Y472" side="none"/>
<celldesigner:modificationResidue angle="5.63999378798533" id="rs3" name="Y589" side="none"/>
</celldesigner:listOfModificationResidues>
</celldesigner:protein>
<celldesigner:protein id="pr5" name="Shc" type="GENERIC"/>
<celldesigner:protein id="pr6" name="Grb2" type="GENERIC"/>
<celldesigner:protein id="pr7" name="Gab1" type="GENERIC">
<celldesigner:listOfModificationResidues>
<celldesigner:modificationResidue angle="3.9186797253110783" id="rs1" name="Y446" side="none"/>
<celldesigner:modificationResidue angle="4.694907940181885" id="rs2" name="Y472" side="none"/>
<celldesigner:modificationResidue angle="5.460998340921473" id="rs3" name="Y589" side="none"/>
</celldesigner:listOfModificationResidues>
</celldesigner:protein>
<celldesigner:protein id="pr1" name="EGFR" type="GENERIC">
<celldesigner:listOfModificationResidues>
<celldesigner:modificationResidue angle="2.3653270269760363" id="rs1" name="Y992" side="none"/>
<celldesigner:modificationResidue angle="3.84" id="rs2" name="Y1068" side="none"/>
<celldesigner:modificationResidue angle="5.96" id="rs3" name="Y1148" side="none"/>
<celldesigner:modificationResidue angle="5.57" id="rs4" name="Y1086" side="none"/>
<celldesigner:modificationResidue angle="3.4630638119627455" id="rs5" name="Y1045" side="none"/>
<celldesigner:modificationResidue angle="0.7319075908072566" id="rs6" name="Y1173" side="none"/>
</celldesigner:listOfModificationResidues>
</celldesigner:protein>
<celldesigner:protein id="pr8" name="EGF" type="GENERIC"/>
</celldesigner:listOfProteins>
<celldesigner:listOfGenes/>
<celldesigner:listOfRNAs/>
<celldesigner:listOfAntisenseRNAs/>
<celldesigner:listOfLayers/>
<celldesigner:listOfBlockDiagrams>
<celldesigner:blockDiagram protein="pr3">
<celldesigner:canvas height="314" width="476"/>
<celldesigner:block height="90" nameOffsetX="-67.0" nameOffsetY="64.0" width="140" x="100" y="50"/>
<celldesigner:halo height="150" width="200" x="70" y="20"/>
<celldesigner:listOfResiduesInBlockDiagram>
<celldesigner:residueInBlockDiagram id="0" name="Y317" nameOffsetX="14.0" nameOffsetY="12.0" offsetX="0.0" residue="rs1" type="phosphorylated"/>
</celldesigner:listOfResiduesInBlockDiagram>
<celldesigner:listOfExternalNamesForResidue/>
<celldesigner:listOfBindingSitesInBlockDiagram/>
<celldesigner:listOfEffectSitesInBlockDiagram/>
<celldesigner:listOfInternalOperatorsInBlockDiagram/>
<celldesigner:listOfInternalLinksInBlockDiagram/>
</celldesigner:blockDiagram>
</celldesigner:listOfBlockDiagrams>
</celldesigner:extension>
</annotation>
<listOfUnitDefinitions>
<unitDefinition metaid="substance" id="substance" name="substance">
<listOfUnits>
<unit metaid="CDMT00035" kind="mole"/>
</listOfUnits>
</unitDefinition>
<unitDefinition metaid="volume" id="volume" name="volume">
<listOfUnits>
<unit metaid="CDMT00036" kind="litre"/>
</listOfUnits>
</unitDefinition>
<unitDefinition metaid="area" id="area" name="area">
<listOfUnits>
<unit metaid="CDMT00037" kind="metre" exponent="2"/>
</listOfUnits>
</unitDefinition>
<unitDefinition metaid="length" id="length" name="length">
<listOfUnits>
<unit metaid="CDMT00038" kind="metre"/>
</listOfUnits>
</unitDefinition>
<unitDefinition metaid="time" id="time" name="time">
<listOfUnits>
<unit metaid="CDMT00039" kind="second"/>
</listOfUnits>
</unitDefinition>
</listOfUnitDefinitions>
<listOfCompartments>
<compartment metaid="default" id="default" size="1" units="volume"/>
</listOfCompartments>
<listOfSpecies>
<species metaid="s3" id="s3" name="Grb2@EGFR_Y1068/1086P" compartment="default" initialAmount="0">
<annotation>
<celldesigner:extension>
<celldesigner:positionToCompartment>inside</celldesigner:positionToCompartment>
<celldesigner:speciesIdentity>
<celldesigner:class>PROTEIN</celldesigner:class>
<celldesigner:proteinReference>pr2</celldesigner:proteinReference>
</celldesigner:speciesIdentity>
</celldesigner:extension>
</annotation>
</species>
<species metaid="s41" id="s41" name="Shc@EGFR_Y1148/1173P" compartment="default" initialAmount="0">
<annotation>
<celldesigner:extension>
<celldesigner:positionToCompartment>inside</celldesigner:positionToCompartment>
<celldesigner:speciesIdentity>
<celldesigner:class>PROTEIN</celldesigner:class>
<celldesigner:proteinReference>pr3</celldesigner:proteinReference>
<celldesigner:state>
<celldesigner:listOfModifications>
<celldesigner:modification residue="rs1" state="phosphorylated"/>
</celldesigner:listOfModifications>
</celldesigner:state>
</celldesigner:speciesIdentity>
</celldesigner:extension>
</annotation>
</species>
<species metaid="s58" id="s58" name="Gab1@EGFR_Y1068/1086P" compartment="default" initialAmount="0">
<annotation>
<celldesigner:extension>
<celldesigner:positionToCompartment>inside</celldesigner:positionToCompartment>
<celldesigner:speciesIdentity>
<celldesigner:class>PROTEIN</celldesigner:class>
<celldesigner:proteinReference>pr4</celldesigner:proteinReference>
<celldesigner:state>
<celldesigner:listOfModifications>
<celldesigner:modification residue="rs1" state="phosphorylated"/>
<celldesigner:modification residue="rs2" state="phosphorylated"/>
<celldesigner:modification residue="rs3" state="phosphorylated"/>
</celldesigner:listOfModifications>
</celldesigner:state>
</celldesigner:speciesIdentity>
</celldesigner:extension>
</annotation>
</species>
<species metaid="s69" id="s69" name="Gab1-mediated downstream signaling" compartment="default" initialAmount="0">
<annotation>
<celldesigner:extension>
<celldesigner:positionToCompartment>inside</celldesigner:positionToCompartment>
<celldesigner:speciesIdentity>
<celldesigner:class>PHENOTYPE</celldesigner:class>
<celldesigner:name>Gab1-mediated downstream signaling</celldesigner:name>
</celldesigner:speciesIdentity>
</celldesigner:extension>
</annotation>
</species>
<species metaid="s68" id="s68" name="Grb2-mediated downstream signaling" compartment="default" initialAmount="0">
<annotation>
<celldesigner:extension>
<celldesigner:positionToCompartment>inside</celldesigner:positionToCompartment>
<celldesigner:speciesIdentity>
<celldesigner:class>PHENOTYPE</celldesigner:class>
<celldesigner:name>Grb2-mediated downstream signaling</celldesigner:name>
</celldesigner:speciesIdentity>
</celldesigner:extension>
</annotation>
</species>
<species metaid="s67" id="s67" name="Shc-mediated downstream signaling" compartment="default" initialAmount="0">
<annotation>
<celldesigner:extension>
<celldesigner:positionToCompartment>inside</celldesigner:positionToCompartment>
<celldesigner:speciesIdentity>
<celldesigner:class>PHENOTYPE</celldesigner:class>
<celldesigner:name>Shc-mediated downstream signaling</celldesigner:name>
</celldesigner:speciesIdentity>
</celldesigner:extension>
</annotation>
</species>
<species metaid="s70" id="s70" name="Shc" compartment="default" initialAmount="0">
<annotation>
<celldesigner:extension>
<celldesigner:positionToCompartment>inside</celldesigner:positionToCompartment>
<celldesigner:speciesIdentity>
<celldesigner:class>PROTEIN</celldesigner:class>
<celldesigner:proteinReference>pr5</celldesigner:proteinReference>
</celldesigner:speciesIdentity>
</celldesigner:extension>
</annotation>
</species>
<species metaid="s71" id="s71" name="Grb2" compartment="default" initialAmount="0">
<annotation>
<celldesigner:extension>
<celldesigner:positionToCompartment>inside</celldesigner:positionToCompartment>
<celldesigner:speciesIdentity>
<celldesigner:class>PROTEIN</celldesigner:class>
<celldesigner:proteinReference>pr6</celldesigner:proteinReference>
</celldesigner:speciesIdentity>
</celldesigner:extension>
</annotation>
</species>
<species metaid="s72" id="s72" name="Gab1" compartment="default" initialAmount="0">
<annotation>
<celldesigner:extension>
<celldesigner:positionToCompartment>inside</celldesigner:positionToCompartment>
<celldesigner:speciesIdentity>
<celldesigner:class>PROTEIN</celldesigner:class>
<celldesigner:proteinReference>pr7</celldesigner:proteinReference>
</celldesigner:speciesIdentity>
</celldesigner:extension>
</annotation>
</species>
<species metaid="s89" id="s89" name="EGF_EGFR" compartment="default" initialAmount="0">
<annotation>
<celldesigner:extension>
<celldesigner:positionToCompartment>inside</celldesigner:positionToCompartment>
<celldesigner:speciesIdentity>
<celldesigner:class>COMPLEX</celldesigner:class>
<celldesigner:name>EGF_EGFR</celldesigner:name>
</celldesigner:speciesIdentity>
<celldesigner:listOfCatalyzedReactions>
<celldesigner:catalyzed reaction="re1"/>
<celldesigner:catalyzed reaction="re4"/>
<celldesigner:catalyzed reaction="re13"/>
</celldesigner:listOfCatalyzedReactions>
</celldesigner:extension>
</annotation>
</species>
<species metaid="s90" id="s90" name="Shc_Grb2" compartment="default" initialAmount="0">
<annotation>
<celldesigner:extension>
<celldesigner:positionToCompartment>inside</celldesigner:positionToCompartment>
<celldesigner:speciesIdentity>
<celldesigner:class>COMPLEX</celldesigner:class>
<celldesigner:name>Shc_Grb2</celldesigner:name>
</celldesigner:speciesIdentity>
</celldesigner:extension>
</annotation>
</species>
<species metaid="s91" id="s91" name="Grb2_Gab1" compartment="default" initialAmount="0">
<annotation>
<celldesigner:extension>
<celldesigner:positionToCompartment>inside</celldesigner:positionToCompartment>
<celldesigner:speciesIdentity>
<celldesigner:class>COMPLEX</celldesigner:class>
<celldesigner:name>Grb2_Gab1</celldesigner:name>
</celldesigner:speciesIdentity>
<celldesigner:listOfCatalyzedReactions>
<celldesigner:catalyzed reaction="re7"/>
</celldesigner:listOfCatalyzedReactions>
</celldesigner:extension>
</annotation>
</species>
<species metaid="s92" id="s92" name="Grb2_Gab1" compartment="default" initialAmount="0">
<annotation>
<celldesigner:extension>
<celldesigner:positionToCompartment>inside</celldesigner:positionToCompartment>
<celldesigner:speciesIdentity>
<celldesigner:class>COMPLEX</celldesigner:class>
<celldesigner:name>Grb2_Gab1</celldesigner:name>
</celldesigner:speciesIdentity>
</celldesigner:extension>
</annotation>
</species>
</listOfSpecies>
<listOfReactions>
<reaction metaid="re1" id="re1" reversible="false">
<annotation>
<celldesigner:extension>
<celldesigner:reactionType>STATE_TRANSITION</celldesigner:reactionType>
<celldesigner:baseReactants>
<celldesigner:baseReactant species="s70" alias="sa49">
<celldesigner:linkAnchor position="E"/>
</celldesigner:baseReactant>
</celldesigner:baseReactants>
<celldesigner:baseProducts>
<celldesigner:baseProduct species="s41" alias="sa28">
<celldesigner:linkAnchor position="W"/>
</celldesigner:baseProduct>
</celldesigner:baseProducts>
<celldesigner:connectScheme connectPolicy="direct" rectangleIndex="0">
<celldesigner:listOfLineDirection>
<celldesigner:lineDirection index="0" value="unknown"/>
</celldesigner:listOfLineDirection>
</celldesigner:connectScheme>
<celldesigner:line width="1.0" color="ff000000"/>
<celldesigner:listOfModification>
<celldesigner:modification type="CATALYSIS" modifiers="s89" aliases="csa4" targetLineIndex="-1,2" editPoints="0.8382646311345647,0.36820787515124787">
<celldesigner:connectScheme connectPolicy="square">
<celldesigner:listOfLineDirection>
<celldesigner:lineDirection index="0" value="horizontal"/>
<celldesigner:lineDirection index="1" value="vertical"/>
</celldesigner:listOfLineDirection>
</celldesigner:connectScheme>
<celldesigner:linkTarget species="s89" alias="csa4">
<celldesigner:linkAnchor position="W"/>
</celldesigner:linkTarget>
<celldesigner:line width="1.0" color="ff000000"/>
</celldesigner:modification>
</celldesigner:listOfModification>
</celldesigner:extension>
</annotation>
<listOfReactants>
<speciesReference metaid="CDMT00002" species="s70">
<annotation>
<celldesigner:extension>
<celldesigner:alias>sa49</celldesigner:alias>
</celldesigner:extension>
</annotation>
</speciesReference>
</listOfReactants>
<listOfProducts>
<speciesReference metaid="CDMT00003" species="s41">
<annotation>
<celldesigner:extension>
<celldesigner:alias>sa28</celldesigner:alias>
</celldesigner:extension>
</annotation>
</speciesReference>
</listOfProducts>
<listOfModifiers>
<modifierSpeciesReference metaid="CDMT00004" species="s89">
<annotation>
<celldesigner:extension>
<celldesigner:alias>csa4</celldesigner:alias>
</celldesigner:extension>
</annotation>
</modifierSpeciesReference>
</listOfModifiers>
</reaction>
<reaction metaid="re4" id="re4" reversible="false">
<annotation>
<celldesigner:extension>
<celldesigner:reactionType>STATE_TRANSITION</celldesigner:reactionType>
<celldesigner:baseReactants>
<celldesigner:baseReactant species="s72" alias="sa51">
<celldesigner:linkAnchor position="E"/>
</celldesigner:baseReactant>
</celldesigner:baseReactants>
<celldesigner:baseProducts>
<celldesigner:baseProduct species="s58" alias="sa39">
<celldesigner:linkAnchor position="W"/>
</celldesigner:baseProduct>
</celldesigner:baseProducts>
<celldesigner:connectScheme connectPolicy="direct" rectangleIndex="0">
<celldesigner:listOfLineDirection>
<celldesigner:lineDirection index="0" value="unknown"/>
</celldesigner:listOfLineDirection>
</celldesigner:connectScheme>
<celldesigner:line width="1.0" color="ff000000"/>
<celldesigner:listOfModification>
<celldesigner:modification type="CATALYSIS" modifiers="s89" aliases="csa4" targetLineIndex="-1,2" editPoints="0.8466714985094628,-0.3603038608191749">
<celldesigner:connectScheme connectPolicy="square">
<celldesigner:listOfLineDirection>
<celldesigner:lineDirection index="0" value="horizontal"/>
<celldesigner:lineDirection index="1" value="vertical"/>
</celldesigner:listOfLineDirection>
</celldesigner:connectScheme>
<celldesigner:linkTarget species="s89" alias="csa4">
<celldesigner:linkAnchor position="E"/>
</celldesigner:linkTarget>
<celldesigner:line width="1.0" color="ff000000"/>
</celldesigner:modification>
</celldesigner:listOfModification>
</celldesigner:extension>
</annotation>
<listOfReactants>
<speciesReference metaid="CDMT00008" species="s72">
<annotation>
<celldesigner:extension>
<celldesigner:alias>sa51</celldesigner:alias>
</celldesigner:extension>
</annotation>
</speciesReference>
</listOfReactants>
<listOfProducts>
<speciesReference metaid="CDMT00009" species="s58">
<annotation>
<celldesigner:extension>
<celldesigner:alias>sa39</celldesigner:alias>
</celldesigner:extension>
</annotation>
</speciesReference>
</listOfProducts>
<listOfModifiers>
<modifierSpeciesReference metaid="CDMT00005" species="s89">
<annotation>
<celldesigner:extension>
<celldesigner:alias>csa4</celldesigner:alias>
</celldesigner:extension>
</annotation>
</modifierSpeciesReference>
</listOfModifiers>
</reaction>
<reaction metaid="re5" id="re5" reversible="false">
<annotation>
<celldesigner:extension>
<celldesigner:reactionType>HETERODIMER_ASSOCIATION</celldesigner:reactionType>
<celldesigner:baseReactants>
<celldesigner:baseReactant species="s71" alias="sa50">
<celldesigner:linkAnchor position="S"/>
</celldesigner:baseReactant>
<celldesigner:baseReactant species="s41" alias="sa28">
<celldesigner:linkAnchor position="ESE"/>
</celldesigner:baseReactant>
</celldesigner:baseReactants>
<celldesigner:baseProducts>
<celldesigner:baseProduct species="s90" alias="csa1">
<celldesigner:linkAnchor position="N"/>
</celldesigner:baseProduct>
</celldesigner:baseProducts>
<celldesigner:connectScheme connectPolicy="direct">
<celldesigner:listOfLineDirection>
<celldesigner:lineDirection arm="0" index="0" value="unknown"/>
<celldesigner:lineDirection arm="1" index="0" value="unknown"/>
<celldesigner:lineDirection arm="2" index="0" value="unknown"/>
</celldesigner:listOfLineDirection>
</celldesigner:connectScheme>
<celldesigner:editPoints num0="0" num1="0" num2="0" tShapeIndex="0">0.004819277108433884,0.26986474067985244</celldesigner:editPoints>
<celldesigner:line width="1.0" color="ff000000"/>
</celldesigner:extension>
</annotation>
<listOfReactants>
<speciesReference metaid="CDMT00011" species="s71">
<annotation>
<celldesigner:extension>
<celldesigner:alias>sa50</celldesigner:alias>
</celldesigner:extension>
</annotation>
</speciesReference>
<speciesReference metaid="CDMT00012" species="s41">
<annotation>
<celldesigner:extension>
<celldesigner:alias>sa28</celldesigner:alias>
</celldesigner:extension>
</annotation>
</speciesReference>
</listOfReactants>
<listOfProducts>
<speciesReference metaid="CDMT00013" species="s90">
<annotation>
<celldesigner:extension>
<celldesigner:alias>csa1</celldesigner:alias>
</celldesigner:extension>
</annotation>
</speciesReference>
</listOfProducts>
</reaction>
<reaction metaid="re6" id="re6" reversible="false">
<annotation>
<celldesigner:extension>
<celldesigner:reactionType>HETERODIMER_ASSOCIATION</celldesigner:reactionType>
<celldesigner:baseReactants>
<celldesigner:baseReactant species="s3" alias="sa48">
<celldesigner:linkAnchor position="SSE"/>
</celldesigner:baseReactant>
<celldesigner:baseReactant species="s72" alias="sa51">
<celldesigner:linkAnchor position="SSW"/>
</celldesigner:baseReactant>
</celldesigner:baseReactants>
<celldesigner:baseProducts>
<celldesigner:baseProduct species="s91" alias="csa2">
<celldesigner:linkAnchor position="N"/>
</celldesigner:baseProduct>
</celldesigner:baseProducts>
<celldesigner:connectScheme connectPolicy="direct">
<celldesigner:listOfLineDirection>
<celldesigner:lineDirection arm="0" index="0" value="unknown"/>
<celldesigner:lineDirection arm="1" index="0" value="unknown"/>
<celldesigner:lineDirection arm="2" index="0" value="unknown"/>
</celldesigner:listOfLineDirection>
</celldesigner:connectScheme>
<celldesigner:editPoints num0="0" num1="0" num2="0" tShapeIndex="0">0.33039033789883954,0.27576648669494785</celldesigner:editPoints>
<celldesigner:line width="1.0" color="ff000000"/>
</celldesigner:extension>
</annotation>
<listOfReactants>
<speciesReference metaid="CDMT00014" species="s3">
<annotation>
<celldesigner:extension>
<celldesigner:alias>sa48</celldesigner:alias>
</celldesigner:extension>
</annotation>
</speciesReference>
<speciesReference metaid="CDMT00015" species="s72">
<annotation>
<celldesigner:extension>
<celldesigner:alias>sa51</celldesigner:alias>
</celldesigner:extension>
</annotation>
</speciesReference>
</listOfReactants>
<listOfProducts>
<speciesReference metaid="CDMT00016" species="s91">
<annotation>
<celldesigner:extension>
<celldesigner:alias>csa2</celldesigner:alias>
</celldesigner:extension>
</annotation>
</speciesReference>
</listOfProducts>
</reaction>
<reaction metaid="re7" id="re7" reversible="false">
<annotation>
<celldesigner:extension>
<celldesigner:reactionType>STATE_TRANSITION</celldesigner:reactionType>
<celldesigner:baseReactants>
<celldesigner:baseReactant species="s91" alias="csa2">
<celldesigner:linkAnchor position="E"/>
</celldesigner:baseReactant>
</celldesigner:baseReactants>
<celldesigner:baseProducts>
<celldesigner:baseProduct species="s92" alias="csa3">
<celldesigner:linkAnchor position="W"/>
</celldesigner:baseProduct>
</celldesigner:baseProducts>
<celldesigner:connectScheme connectPolicy="direct" rectangleIndex="0">
<celldesigner:listOfLineDirection>
<celldesigner:lineDirection index="0" value="unknown"/>
</celldesigner:listOfLineDirection>
</celldesigner:connectScheme>
<celldesigner:line width="1.0" color="ff000000"/>
<celldesigner:listOfModification>
<celldesigner:modification type="CATALYSIS" modifiers="s91" aliases="csa2" targetLineIndex="-1,2" editPoints="0.6541038938355932,-0.47565953149780027">
<celldesigner:connectScheme connectPolicy="square">
<celldesigner:listOfLineDirection>
<celldesigner:lineDirection index="0" value="horizontal"/>
<celldesigner:lineDirection index="1" value="vertical"/>
</celldesigner:listOfLineDirection>
</celldesigner:connectScheme>
<celldesigner:linkTarget species="s91" alias="csa2">
<celldesigner:linkAnchor position="ENE"/>
</celldesigner:linkTarget>
<celldesigner:line width="1.0" color="ff000000"/>
</celldesigner:modification>
</celldesigner:listOfModification>
</celldesigner:extension>
</annotation>
<listOfReactants>
<speciesReference metaid="CDMT00017" species="s91">
<annotation>
<celldesigner:extension>
<celldesigner:alias>csa2</celldesigner:alias>
</celldesigner:extension>
</annotation>
</speciesReference>
</listOfReactants>
<listOfProducts>
<speciesReference metaid="CDMT00018" species="s92">
<annotation>
<celldesigner:extension>
<celldesigner:alias>csa3</celldesigner:alias>
</celldesigner:extension>
</annotation>
</speciesReference>
</listOfProducts>
<listOfModifiers>
<modifierSpeciesReference metaid="CDMT00019" species="s91">
<annotation>
<celldesigner:extension>
<celldesigner:alias>csa2</celldesigner:alias>
</celldesigner:extension>
</annotation>
</modifierSpeciesReference>
</listOfModifiers>
</reaction>
<reaction metaid="re8" id="re8" reversible="false">
<annotation>
<celldesigner:extension>
<celldesigner:reactionType>CATALYSIS</celldesigner:reactionType>
<celldesigner:baseReactants>
<celldesigner:baseReactant species="s41" alias="sa28">
<celldesigner:linkAnchor position="S"/>
</celldesigner:baseReactant>
</celldesigner:baseReactants>
<celldesigner:baseProducts>
<celldesigner:baseProduct species="s67" alias="sa45">
<celldesigner:linkAnchor position="N"/>
</celldesigner:baseProduct>
</celldesigner:baseProducts>
<celldesigner:connectScheme connectPolicy="direct">
<celldesigner:listOfLineDirection>
<celldesigner:lineDirection index="0" value="unknown"/>
</celldesigner:listOfLineDirection>
</celldesigner:connectScheme>
<celldesigner:line width="1.0" color="ff000000"/>
</celldesigner:extension>
</annotation>
<listOfReactants>
<speciesReference metaid="CDMT00020" species="s41">
<annotation>
<celldesigner:extension>
<celldesigner:alias>sa28</celldesigner:alias>
</celldesigner:extension>
</annotation>
</speciesReference>
</listOfReactants>
<listOfProducts>
<speciesReference metaid="CDMT00021" species="s67">
<annotation>
<celldesigner:extension>
<celldesigner:alias>sa45</celldesigner:alias>
</celldesigner:extension>
</annotation>
</speciesReference>
</listOfProducts>
</reaction>
<reaction metaid="re9" id="re9" reversible="false">
<annotation>
<celldesigner:extension>
<celldesigner:reactionType>CATALYSIS</celldesigner:reactionType>
<celldesigner:baseReactants>
<celldesigner:baseReactant species="s90" alias="csa1">
<celldesigner:linkAnchor position="SSE"/>
</celldesigner:baseReactant>
</celldesigner:baseReactants>
<celldesigner:baseProducts>
<celldesigner:baseProduct species="s68" alias="sa46">
<celldesigner:linkAnchor position="NNW"/>
</celldesigner:baseProduct>
</celldesigner:baseProducts>
<celldesigner:connectScheme connectPolicy="direct">
<celldesigner:listOfLineDirection>
<celldesigner:lineDirection index="0" value="unknown"/>
</celldesigner:listOfLineDirection>
</celldesigner:connectScheme>
<celldesigner:line width="1.0" color="ff000000"/>
</celldesigner:extension>
</annotation>
<listOfReactants>
<speciesReference metaid="CDMT00022" species="s90">
<annotation>
<celldesigner:extension>
<celldesigner:alias>csa1</celldesigner:alias>
</celldesigner:extension>
</annotation>
</speciesReference>
</listOfReactants>
<listOfProducts>
<speciesReference metaid="CDMT00023" species="s68">
<annotation>
<celldesigner:extension>
<celldesigner:alias>sa46</celldesigner:alias>
</celldesigner:extension>
</annotation>
</speciesReference>
</listOfProducts>
</reaction>
<reaction metaid="re10" id="re10" reversible="false">
<annotation>
<celldesigner:extension>
<celldesigner:reactionType>CATALYSIS</celldesigner:reactionType>
<celldesigner:baseReactants>
<celldesigner:baseReactant species="s3" alias="sa48">
<celldesigner:linkAnchor position="S"/>
</celldesigner:baseReactant>
</celldesigner:baseReactants>
<celldesigner:baseProducts>
<celldesigner:baseProduct species="s68" alias="sa46">
<celldesigner:linkAnchor position="NNE"/>
</celldesigner:baseProduct>
</celldesigner:baseProducts>
<celldesigner:connectScheme connectPolicy="direct">
<celldesigner:listOfLineDirection>
<celldesigner:lineDirection index="0" value="unknown"/>
</celldesigner:listOfLineDirection>
</celldesigner:connectScheme>
<celldesigner:line width="1.0" color="ff000000"/>
</celldesigner:extension>
</annotation>
<listOfReactants>
<speciesReference metaid="CDMT00024" species="s3">
<annotation>
<celldesigner:extension>
<celldesigner:alias>sa48</celldesigner:alias>
</celldesigner:extension>
</annotation>
</speciesReference>
</listOfReactants>
<listOfProducts>
<speciesReference metaid="CDMT00025" species="s68">
<annotation>
<celldesigner:extension>
<celldesigner:alias>sa46</celldesigner:alias>
</celldesigner:extension>
</annotation>
</speciesReference>
</listOfProducts>
</reaction>
<reaction metaid="re11" id="re11" reversible="false">
<annotation>
<celldesigner:extension>
<celldesigner:reactionType>CATALYSIS</celldesigner:reactionType>
<celldesigner:baseReactants>
<celldesigner:baseReactant species="s58" alias="sa39">
<celldesigner:linkAnchor position="SSE"/>
</celldesigner:baseReactant>
</celldesigner:baseReactants>
<celldesigner:baseProducts>
<celldesigner:baseProduct species="s69" alias="sa47">
<celldesigner:linkAnchor position="NNE"/>
</celldesigner:baseProduct>
</celldesigner:baseProducts>
<celldesigner:connectScheme connectPolicy="direct">
<celldesigner:listOfLineDirection>
<celldesigner:lineDirection index="0" value="unknown"/>
</celldesigner:listOfLineDirection>
</celldesigner:connectScheme>
<celldesigner:line width="1.0" color="ff000000"/>
</celldesigner:extension>
</annotation>
<listOfReactants>
<speciesReference metaid="CDMT00026" species="s58">
<annotation>
<celldesigner:extension>
<celldesigner:alias>sa39</celldesigner:alias>
</celldesigner:extension>
</annotation>
</speciesReference>
</listOfReactants>
<listOfProducts>
<speciesReference metaid="CDMT00027" species="s69">
<annotation>
<celldesigner:extension>
<celldesigner:alias>sa47</celldesigner:alias>
</celldesigner:extension>
</annotation>
</speciesReference>
</listOfProducts>
</reaction>
<reaction metaid="re12" id="re12" reversible="false">
<annotation>
<celldesigner:extension>
<celldesigner:reactionType>CATALYSIS</celldesigner:reactionType>
<celldesigner:baseReactants>
<celldesigner:baseReactant species="s92" alias="csa3">
<celldesigner:linkAnchor position="S"/>
</celldesigner:baseReactant>
</celldesigner:baseReactants>
<celldesigner:baseProducts>
<celldesigner:baseProduct species="s69" alias="sa47">
<celldesigner:linkAnchor position="N"/>
</celldesigner:baseProduct>
</celldesigner:baseProducts>
<celldesigner:connectScheme connectPolicy="direct">
<celldesigner:listOfLineDirection>
<celldesigner:lineDirection index="0" value="unknown"/>
</celldesigner:listOfLineDirection>
</celldesigner:connectScheme>
<celldesigner:line width="1.0" color="ff000000"/>
</celldesigner:extension>
</annotation>
<listOfReactants>
<speciesReference metaid="CDMT00028" species="s92">
<annotation>
<celldesigner:extension>
<celldesigner:alias>csa3</celldesigner:alias>
</celldesigner:extension>
</annotation>
</speciesReference>
</listOfReactants>
<listOfProducts>
<speciesReference metaid="CDMT00029" species="s69">
<annotation>
<celldesigner:extension>
<celldesigner:alias>sa47</celldesigner:alias>
</celldesigner:extension>
</annotation>
</speciesReference>
</listOfProducts>
</reaction>
<reaction metaid="re13" id="re13" reversible="false">
<annotation>
<celldesigner:extension>
<celldesigner:reactionType>TRANSPORT</celldesigner:reactionType>
<celldesigner:baseReactants>
<celldesigner:baseReactant species="s71" alias="sa50">
<celldesigner:linkAnchor position="E"/>
</celldesigner:baseReactant>
</celldesigner:baseReactants>
<celldesigner:baseProducts>
<celldesigner:baseProduct species="s3" alias="sa48">
<celldesigner:linkAnchor position="W"/>
</celldesigner:baseProduct>
</celldesigner:baseProducts>
<celldesigner:connectScheme connectPolicy="direct" rectangleIndex="0">
<celldesigner:listOfLineDirection>
<celldesigner:lineDirection index="0" value="unknown"/>
</celldesigner:listOfLineDirection>
</celldesigner:connectScheme>
<celldesigner:line width="1.0" color="ff000000"/>
<celldesigner:listOfModification>
<celldesigner:modification type="CATALYSIS" modifiers="s89" aliases="csa4" targetLineIndex="-1,2">
<celldesigner:connectScheme connectPolicy="direct">
<celldesigner:listOfLineDirection>
<celldesigner:lineDirection index="0" value="unknown"/>
</celldesigner:listOfLineDirection>
</celldesigner:connectScheme>
<celldesigner:linkTarget species="s89" alias="csa4">
<celldesigner:linkAnchor position="S"/>
</celldesigner:linkTarget>
<celldesigner:line width="1.0" color="ff000000"/>
</celldesigner:modification>
</celldesigner:listOfModification>
</celldesigner:extension>
</annotation>
<listOfReactants>
<speciesReference metaid="CDMT00030" species="s71">
<annotation>
<celldesigner:extension>
<celldesigner:alias>sa50</celldesigner:alias>
</celldesigner:extension>
</annotation>
</speciesReference>
</listOfReactants>
<listOfProducts>
<speciesReference metaid="CDMT00031" species="s3">
<annotation>
<celldesigner:extension>
<celldesigner:alias>sa48</celldesigner:alias>
</celldesigner:extension>
</annotation>
</speciesReference>
</listOfProducts>
<listOfModifiers>
<modifierSpeciesReference metaid="CDMT00006" species="s89">
<annotation>
<celldesigner:extension>
<celldesigner:alias>csa4</celldesigner:alias>
</celldesigner:extension>
</annotation>
</modifierSpeciesReference>
</listOfModifiers>
</reaction>
</listOfReactions>
</model>
</sbml>
